timestamp,scenario_id,episode_id,step_id,lidar_min_distance,lidar_front_distance,lidar_left_distance,lidar_right_distance,lidar_measurement_count,camera_detection_count,camera_detected_objects,ax,ay,az,gx,gy,gz,left_wheel_distance,right_wheel_distance,left_wheel_velocity,right_wheel_velocity,estimated_x,estimated_y,estimated_yaw,estimated_velocity,missing_sensor_flag,sensor_dropout_flag,parcel_id,parcel_position,source_id,destination_id,barcode_id,parcel_category,destination_rack_id,destination_slot_id,parcel_mass,empty_slot_count,carrying_status,grasp_status,rack_available,PD1_available,PD2_available,PD3_available,human_positions,human_velocities,forklift_positions,forklift_velocities,h1_position,h1_velocity,h2_position,h2_velocity,h3_position,h3_velocity,h4_position,h4_velocity,h5_position,h5_velocity,f1_position,f1_velocity,f2_position,f2_velocity,battery_level,sensor_status,communication_delay,task_priority,current_task_stage,P1_available,P2_available,P3_available,D1_available,D2_available,D3_available,actor_sample_timestamps,actor_message_ages,actor_link_validity,actor_work_states,station_sample_timestamp,camera_valid,lidar_valid
0.1195,8,56,1,3.6520,10.0000,10.0000,5.8456,180,2,"Parcel_EP0056-P01|DEST:D3-Healthcare|TASK:E3-T01_Healthcare:24.79:1.02:-15.51|Charging Cabinet:23.10:0.66:-12.53",0.0498,5.4739,-0.0162,0.0080,-0.0189,-0.0044,0.0513,0.0432,0.5337,0.4499,24.0003,-16.5555,0.5032,0.4918,False,False,"Parcel_1","24.806:1.050:-15.504","P2","D3-Healthcare","EP0056-P01|DEST:D3-Healthcare|TASK:E3-T01","Healthcare","UNASSIGNED","UNASSIGNED",3.000,4,False,False,False,False,True,True,"H1:9.333:0.050:13.500|H2:-4.200:0.050:-13.500|H3:-24.000:0.050:-15.000|H4:4.200:0.050:13.500|H5:8.400:0.050:10.000","H1:0.000:0.000:0.000|H2:0.000:0.000:0.000|H3:0.000:0.000:0.000|H4:0.000:0.000:0.000|H5:0.000:0.000:0.000","F1:-14.000:0.050:0.000|F2:0.000:0.050:-12.000","F1:0.000:0.000:0.000|F2:0.000:0.000:0.000","9.333:0.050:13.500","0.000:0.000:0.000","-4.200:0.050:-13.500","0.000:0.000:0.000","-24.000:0.050:-15.000","0.000:0.000:0.000","4.200:0.050:13.500","0.000:0.000:0.000","8.400:0.050:10.000","0.000:0.000:0.000","-14.000:0.050:0.000","0.000:0.000:0.000","0.000:0.050:-12.000","0.000:0.000:0.000",100.000,"Nominal",0.000,1,"NavigateToSource:Forward",False,True,True,True,True,True,"H1:0.120|H2:0.120|H3:0.120|H4:0.120|H5:0.120|F1:0.120|F2:0.120","H1:0.000|H2:0.000|H3:0.000|H4:0.000|H5:0.000|F1:0.000|F2:0.000","H1:VALID|H2:VALID|H3:VALID|H4:VALID|H5:VALID|F1:VALID|F2:VALID","H1:H1 rack picking and carton handoff:Load / inspect at source:load=False:handoffs=0|H2:H2 cross-aisle carton transfer:Load / inspect at source:load=False:handoffs=0|H3:H3 station scan and dispatch verification:Load / inspect at source:load=False:handoffs=0|H4:H4 trolley supply transfer:Load / inspect at source:load=False:handoffs=0|H5:H5 rack inspection and replenishment:Load / inspect at source:load=False:handoffs=0|F1:F1 inbound pallet replenishment:Load / inspect at source:load=False:handoffs=0|F2:F2 outbound pallet dispatch:Load / inspect at source:load=False:handoffs=0","0.120",True,True
0.2295,8,56,2,3.6316,9.9965,9.9994,5.8726,180,2,"Parcel_EP0056-P01|DEST:D3-Healthcare|TASK:E3-T01_Healthcare:24.82:1.09:-15.49|Charging Cabinet:23.09:0.71:-12.56",-0.0251,0.0253,1.1174,0.0286,-0.0023,-0.0109,0.0012,0.0048,0.0455,0.1861,24.0006,-16.5484,0.7137,0.1158,False,False,"Parcel_1","24.806:1.050:-15.504","P2","D3-Healthcare","EP0056-P01|DEST:D3-Healthcare|TASK:E3-T01","Healthcare","UNASSIGNED","UNASSIGNED",3.000,4,False,False,False,False,True,True,"H1:9.333:0.050:13.500|H2:-4.200:0.050:-13.500|H3:-24.000:0.050:-15.000|H4:4.200:0.050:13.500|H5:8.400:0.050:10.000","H1:0.000:0.000:0.000|H2:0.000:0.000:0.000|H3:0.000:0.000:0.000|H4:0.000:0.000:0.000|H5:0.000:0.000:0.000","F1:-14.000:0.050:0.000|F2:0.000:0.050:-12.000","F1:0.000:0.000:0.000|F2:0.000:0.000:0.000","9.333:0.050:13.500","0.000:0.000:0.000","-4.200:0.050:-13.500","0.000:0.000:0.000","-24.000:0.050:-15.000","0.000:0.000:0.000","4.200:0.050:13.500","0.000:0.000:0.000","8.400:0.050:10.000","0.000:0.000:0.000","-14.000:0.050:0.000","0.000:0.000:0.000","0.000:0.050:-12.000","0.000:0.000:0.000",99.996,"Nominal",0.000,1,"NavigateToSource:Forward",False,True,True,True,True,True,"H1:0.230|H2:0.230|H3:0.230|H4:0.230|H5:0.230|F1:0.230|F2:0.230","H1:0.000|H2:0.000|H3:0.000|H4:0.000|H5:0.000|F1:0.000|F2:0.000","H1:VALID|H2:VALID|H3:VALID|H4:VALID|H5:VALID|F1:VALID|F2:VALID","H1:H1 rack picking and carton handoff:Load / inspect at source:load=False:handoffs=0|H2:H2 cross-aisle carton transfer:Load / inspect at source:load=False:handoffs=0|H3:H3 station scan and dispatch verification:Load / inspect at source:load=False:handoffs=0|H4:H4 trolley supply transfer:Load / inspect at source:load=False:handoffs=0|H5:H5 rack inspection and replenishment:Load / inspect at source:load=False:handoffs=0|F1:F1 inbound pallet replenishment:Load / inspect at source:load=False:handoffs=0|F2:F2 outbound pallet dispatch:Load / inspect at source:load=False:handoffs=0","0.230",True,True
0.3403,8,56,3,3.6253,9.9893,9.9820,5.8478,180,2,"Parcel_EP0056-P01|DEST:D3-Healthcare|TASK:E3-T01_Healthcare:24.80:1.00:-15.50|Charging Cabinet:23.14:0.72:-12.57",0.0189,0.0406,1.0673,-0.0079,-0.0129,0.0127,-0.0052,0.0159,-0.2475,0.7535,24.0037,-16.5061,7.9698,0.2530,False,False,"Parcel_1","24.806:1.050:-15.504","P2","D3-Healthcare","EP0056-P01|DEST:D3-Healthcare|TASK:E3-T01","Healthcare","UNASSIGNED","UNASSIGNED",3.000,4,False,False,False,False,True,True,"H1:9.333:0.050:13.500|H2:-4.200:0.050:-13.500|H3:-24.000:0.050:-15.000|H4:4.200:0.050:13.500|H5:8.400:0.050:10.000","H1:0.000:0.000:0.000|H2:0.000:0.000:0.000|H3:0.000:0.000:0.000|H4:0.000:0.000:0.000|H5:0.000:0.000:0.000","F1:-14.000:0.050:0.000|F2:0.000:0.050:-12.000","F1:0.000:0.000:0.000|F2:0.000:0.000:0.000","9.333:0.050:13.500","0.000:0.000:0.000","-4.200:0.050:-13.500","0.000:0.000:0.000","-24.000:0.050:-15.000","0.000:0.000:0.000","4.200:0.050:13.500","0.000:0.000:0.000","8.400:0.050:10.000","0.000:0.000:0.000","-14.000:0.050:0.000","0.000:0.000:0.000","0.000:0.050:-12.000","0.000:0.000:0.000",99.994,"Nominal",0.000,1,"NavigateToSource:Forward",False,True,True,True,True,True,"H1:0.340|H2:0.340|H3:0.340|H4:0.340|H5:0.340|F1:0.340|F2:0.340","H1:0.000|H2:0.000|H3:0.000|H4:0.000|H5:0.000|F1:0.000|F2:0.000","H1:VALID|H2:VALID|H3:VALID|H4:VALID|H5:VALID|F1:VALID|F2:VALID","H1:H1 rack picking and carton handoff:Load / inspect at source:load=False:handoffs=0|H2:H2 cross-aisle carton transfer:Load / inspect at source:load=False:handoffs=0|H3:H3 station scan and dispatch verification:Load / inspect at source:load=False:handoffs=0|H4:H4 trolley supply transfer:Load / inspect at source:load=False:handoffs=0|H5:H5 rack inspection and replenishment:Load / inspect at source:load=False:handoffs=0|F1:F1 inbound pallet replenishment:Load / inspect at source:load=False:handoffs=0|F2:F2 outbound pallet dispatch:Load / inspect at source:load=False:handoffs=0","0.340",True,True
0.4517,8,56,4,3.5754,9.9847,9.9884,5.8686,180,2,"Parcel_EP0056-P01|DEST:D3-Healthcare|TASK:E3-T01_Healthcare:24.79:1.04:-15.53|Charging Cabinet:23.07:0.72:-12.52",-0.0508,0.0433,0.8408,-0.0161,-0.0200,0.0275,0.0202,-0.0002,0.8396,-0.0103,24.0084,-16.4607,2.9904,0.4147,False,False,"Parcel_1","24.806:1.050:-15.504","P2","D3-Healthcare","EP0056-P01|DEST:D3-Healthcare|TASK:E3-T01","Healthcare","UNASSIGNED","UNASSIGNED",3.000,4,False,False,False,False,True,True,"H1:9.333:0.050:13.500|H2:-4.200:0.050:-13.500|H3:-24.000:0.050:-15.000|H4:4.200:0.050:13.500|H5:8.400:0.050:10.000","H1:0.000:0.000:0.000|H2:0.000:0.000:0.000|H3:0.000:0.000:0.000|H4:0.000:0.000:0.000|H5:0.000:0.000:0.000","F1:-14.000:0.050:0.000|F2:0.000:0.050:-12.000","F1:0.000:0.000:0.000|F2:0.000:0.000:0.000","9.333:0.050:13.500","0.000:0.000:0.000","-4.200:0.050:-13.500","0.000:0.000:0.000","-24.000:0.050:-15.000","0.000:0.000:0.000","4.200:0.050:13.500","0.000:0.000:0.000","8.400:0.050:10.000","0.000:0.000:0.000","-14.000:0.050:0.000","0.000:0.000:0.000","0.000:0.050:-12.000","0.000:0.000:0.000",99.991,"Nominal",0.000,1,"NavigateToSource:Forward",False,True,True,True,True,True,"H1:0.452|H2:0.452|H3:0.452|H4:0.452|H5:0.452|F1:0.452|F2:0.452","H1:0.000|H2:0.000|H3:0.000|H4:0.000|H5:0.000|F1:0.000|F2:0.000","H1:VALID|H2:VALID|H3:VALID|H4:VALID|H5:VALID|F1:VALID|F2:VALID","H1:H1 rack picking and carton handoff:Load / inspect at source:load=False:handoffs=0|H2:H2 cross-aisle carton transfer:Load / inspect at source:load=False:handoffs=0|H3:H3 station scan and dispatch verification:Load / inspect at source:load=False:handoffs=0|H4:H4 trolley supply transfer:Load / inspect at source:load=False:handoffs=0|H5:H5 rack inspection and replenishment:Load / inspect at source:load=False:handoffs=0|F1:F1 inbound pallet replenishment:Load / inspect at source:load=False:handoffs=0|F2:F2 outbound pallet dispatch:Load / inspect at source:load=False:handoffs=0","0.452",True,True
0.5534,8,56,5,3.5181,10.0000,10.0000,5.8986,180,2,"Parcel_EP0056-P01|DEST:D3-Healthcare|TASK:E3-T01_Healthcare:24.84:1.05:-15.52|Charging Cabinet:23.08:0.69:-12.53",0.0354,-0.1072,1.3359,0.0047,0.0143,-0.0260,0.0103,0.0177,0.4635,0.8003,24.0053,-16.4118,-3.0437,0.6319,False,False,"Parcel_1","24.806:1.050:-15.504","P2","D3-Healthcare","EP0056-P01|DEST:D3-Healthcare|TASK:E3-T01","Healthcare","UNASSIGNED","UNASSIGNED",3.000,4,False,False,False,False,True,True,"H1:9.333:0.050:13.500|H2:-4.200:0.050:-13.500|H3:-24.000:0.050:-15.000|H4:4.200:0.050:13.500|H5:8.400:0.050:10.000","H1:0.000:0.000:0.000|H2:0.000:0.000:0.000|H3:0.000:0.000:0.000|H4:0.000:0.000:0.000|H5:0.000:0.000:0.000","F1:-14.000:0.050:0.000|F2:0.000:0.050:-12.000","F1:0.000:0.000:0.000|F2:0.000:0.000:0.000","9.333:0.050:13.500","0.000:0.000:0.000","-4.200:0.050:-13.500","0.000:0.000:0.000","-24.000:0.050:-15.000","0.000:0.000:0.000","4.200:0.050:13.500","0.000:0.000:0.000","8.400:0.050:10.000","0.000:0.000:0.000","-14.000:0.050:0.000","0.000:0.000:0.000","0.000:0.050:-12.000","0.000:0.000:0.000",99.989,"Nominal",0.000,1,"NavigateToSource:Forward",False,True,True,True,True,True,"H1:0.553|H2:0.553|H3:0.553|H4:0.553|H5:0.553|F1:0.553|F2:0.553","H1:0.000|H2:0.000|H3:0.000|H4:0.000|H5:0.000|F1:0.000|F2:0.000","H1:VALID|H2:VALID|H3:VALID|H4:VALID|H5:VALID|F1:VALID|F2:VALID","H1:H1 rack picking and carton handoff:Load / inspect at source:load=False:handoffs=0|H2:H2 cross-aisle carton transfer:Load / inspect at source:load=False:handoffs=0|H3:H3 station scan and dispatch verification:Load / inspect at source:load=False:handoffs=0|H4:H4 trolley supply transfer:Load / inspect at source:load=False:handoffs=0|H5:H5 rack inspection and replenishment:Load / inspect at source:load=False:handoffs=0|F1:F1 inbound pallet replenishment:Load / inspect at source:load=False:handoffs=0|F2:F2 outbound pallet dispatch:Load / inspect at source:load=False:handoffs=0","0.553",True,True
0.6719,8,56,6,3.4322,10.0000,10.0000,5.8393,180,1,"Charging Cabinet:23.11:0.66:-12.56",0.0165,0.0002,1.2194,-0.0130,-0.0026,-0.0375,-0.0082,0.0060,-0.3807,0.2757,23.9995,-16.3655,-11.0843,-0.0525,False,False,"Parcel_1","24.806:1.050:-15.504","P2","D3-Healthcare","EP0056-P01|DEST:D3-Healthcare|TASK:E3-T01","Healthcare","UNASSIGNED","UNASSIGNED",3.000,4,False,False,False,False,True,True,"H1:9.333:0.050:13.500|H2:-4.200:0.050:-13.500|H3:-24.000:0.050:-15.000|H4:4.200:0.050:13.500|H5:8.400:0.050:10.000","H1:0.000:0.000:0.000|H2:0.000:0.000:0.000|H3:0.000:0.000:0.000|H4:0.000:0.000:0.000|H5:0.000:0.000:0.000","F1:-14.000:0.050:0.000|F2:0.000:0.050:-12.000","F1:0.000:0.000:0.000|F2:0.000:0.000:0.000","9.333:0.050:13.500","0.000:0.000:0.000","-4.200:0.050:-13.500","0.000:0.000:0.000","-24.000:0.050:-15.000","0.000:0.000:0.000","4.200:0.050:13.500","0.000:0.000:0.000","8.400:0.050:10.000","0.000:0.000:0.000","-14.000:0.050:0.000","0.000:0.000:0.000","0.000:0.050:-12.000","0.000:0.000:0.000",99.987,"Nominal",0.000,1,"NavigateToSource:Forward",False,True,True,True,True,True,"H1:0.672|H2:0.672|H3:0.672|H4:0.672|H5:0.672|F1:0.672|F2:0.672","H1:0.000|H2:0.000|H3:0.000|H4:0.000|H5:0.000|F1:0.000|F2:0.000","H1:VALID|H2:VALID|H3:VALID|H4:VALID|H5:VALID|F1:VALID|F2:VALID","H1:H1 rack picking and carton handoff:Load / inspect at source:load=False:handoffs=0|H2:H2 cross-aisle carton transfer:Load / inspect at source:load=False:handoffs=0|H3:H3 station scan and dispatch verification:Load / inspect at source:load=False:handoffs=0|H4:H4 trolley supply transfer:Load / inspect at source:load=False:handoffs=0|H5:H5 rack inspection and replenishment:Load / inspect at source:load=False:handoffs=0|F1:F1 inbound pallet replenishment:Load / inspect at source:load=False:handoffs=0|F2:F2 outbound pallet dispatch:Load / inspect at source:load=False:handoffs=0","0.672",True,True
0.7740,8,56,7,3.3765,10.0000,10.0000,5.8584,180,1,"Charging Cabinet:23.10:0.72:-12.57",0.0764,0.0263,0.9886,0.0432,0.0407,-0.0058,0.0236,0.0230,0.9992,0.9749,23.9895,-16.2934,-8.0252,0.9870,False,False,"Parcel_1","24.806:1.050:-15.504","P2","D3-Healthcare","EP0056-P01|DEST:D3-Healthcare|TASK:E3-T01","Healthcare","UNASSIGNED","UNASSIGNED",3.000,4,False,False,False,False,True,True,"H1:9.333:0.050:13.500|H2:-4.200:0.050:-13.500|H3:-24.000:0.050:-15.000|H4:4.200:0.050:13.500|H5:8.400:0.050:10.000","H1:0.000:0.000:0.000|H2:0.000:0.000:0.000|H3:0.000:0.000:0.000|H4:0.000:0.000:0.000|H5:0.000:0.000:0.000","F1:-14.000:0.050:0.000|F2:0.000:0.050:-12.000","F1:0.000:0.000:0.000|F2:0.000:0.000:0.000","9.333:0.050:13.500","0.000:0.000:0.000","-4.200:0.050:-13.500","0.000:0.000:0.000","-24.000:0.050:-15.000","0.000:0.000:0.000","4.200:0.050:13.500","0.000:0.000:0.000","8.400:0.050:10.000","0.000:0.000:0.000","-14.000:0.050:0.000","0.000:0.000:0.000","0.000:0.050:-12.000","0.000:0.000:0.000",99.985,"Nominal",0.000,1,"NavigateToSource:Forward",False,True,True,True,True,True,"H1:0.774|H2:0.774|H3:0.774|H4:0.774|H5:0.774|F1:0.774|F2:0.774","H1:0.000|H2:0.000|H3:0.000|H4:0.000|H5:0.000|F1:0.000|F2:0.000","H1:VALID|H2:VALID|H3:VALID|H4:VALID|H5:VALID|F1:VALID|F2:VALID","H1:H1 rack picking and carton handoff:Load / inspect at source:load=False:handoffs=0|H2:H2 cross-aisle carton transfer:Load / inspect at source:load=False:handoffs=0|H3:H3 station scan and dispatch verification:Load / inspect at source:load=False:handoffs=0|H4:H4 trolley supply transfer:Load / inspect at source:load=False:handoffs=0|H5:H5 rack inspection and replenishment:Load / inspect at source:load=False:handoffs=0|F1:F1 inbound pallet replenishment:Load / inspect at source:load=False:handoffs=0|F2:F2 outbound pallet dispatch:Load / inspect at source:load=False:handoffs=0","0.774",True,True
0.8866,8,56,8,3.2851,10.0000,9.9934,5.8848,180,1,"Charging Cabinet:23.11:0.70:-12.57",-0.0288,0.0771,1.0537,-0.0013,0.0264,0.0031,0.0071,0.0328,0.2748,1.2759,23.9810,-16.2091,-3.1136,0.7753,False,False,"Parcel_1","24.806:1.050:-15.504","P2","D3-Healthcare","EP0056-P01|DEST:D3-Healthcare|TASK:E3-T01","Healthcare","UNASSIGNED","UNASSIGNED",3.000,4,False,False,False,False,True,True,"H1:9.333:0.050:13.500|H2:-4.200:0.050:-13.500|H3:-24.000:0.050:-15.000|H4:4.200:0.050:13.500|H5:8.400:0.050:10.000","H1:0.000:0.000:0.000|H2:0.000:0.000:0.000|H3:0.000:0.000:0.000|H4:0.000:0.000:0.000|H5:0.000:0.000:0.000","F1:-14.000:0.050:0.000|F2:0.000:0.050:-12.000","F1:0.000:0.000:0.000|F2:0.000:0.000:0.000","9.333:0.050:13.500","0.000:0.000:0.000","-4.200:0.050:-13.500","0.000:0.000:0.000","-24.000:0.050:-15.000","0.000:0.000:0.000","4.200:0.050:13.500","0.000:0.000:0.000","8.400:0.050:10.000","0.000:0.000:0.000","-14.000:0.050:0.000","0.000:0.000:0.000","0.000:0.050:-12.000","0.000:0.000:0.000",99.983,"Nominal",0.000,1,"NavigateToSource:Forward",False,True,True,True,True,True,"H1:0.887|H2:0.887|H3:0.887|H4:0.887|H5:0.887|F1:0.887|F2:0.887","H1:0.000|H2:0.000|H3:0.000|H4:0.000|H5:0.000|F1:0.000|F2:0.000","H1:VALID|H2:VALID|H3:VALID|H4:VALID|H5:VALID|F1:VALID|F2:VALID","H1:H1 rack picking and carton handoff:Load / inspect at source:load=False:handoffs=0|H2:H2 cross-aisle carton transfer:Load / inspect at source:load=False:handoffs=0|H3:H3 station scan and dispatch verification:Load / inspect at source:load=False:handoffs=0|H4:H4 trolley supply transfer:Load / inspect at source:load=False:handoffs=0|H5:H5 rack inspection and replenishment:Load / inspect at source:load=False:handoffs=0|F1:F1 inbound pallet replenishment:Load / inspect at source:load=False:handoffs=0|F2:F2 outbound pallet dispatch:Load / inspect at source:load=False:handoffs=0","0.887",True,True
0.9877,8,56,9,3.2256,10.0000,9.9725,5.8571,180,1,"Charging Cabinet:23.08:0.66:-12.56",-0.0735,0.0443,0.9086,-0.0162,0.0093,-0.0169,0.0041,0.0290,0.1634,1.1530,23.9858,-16.1117,7.4713,0.6582,False,False,"Parcel_1","24.806:1.050:-15.504","P2","D3-Healthcare","EP0056-P01|DEST:D3-Healthcare|TASK:E3-T01","Healthcare","UNASSIGNED","UNASSIGNED",3.000,4,False,False,False,False,True,True,"H1:9.333:0.050:13.500|H2:-4.200:0.050:-13.500|H3:-24.000:0.050:-15.000|H4:4.200:0.050:13.500|H5:8.400:0.050:10.000","H1:0.000:0.000:0.000|H2:0.000:0.000:0.000|H3:0.000:0.000:0.000|H4:0.000:0.000:0.000|H5:0.000:0.000:0.000","F1:-14.000:0.050:0.000|F2:0.000:0.050:-12.000","F1:0.000:0.000:0.000|F2:0.000:0.000:0.000","9.333:0.050:13.500","0.000:0.000:0.000","-4.200:0.050:-13.500","0.000:0.000:0.000","-24.000:0.050:-15.000","0.000:0.000:0.000","4.200:0.050:13.500","0.000:0.000:0.000","8.400:0.050:10.000","0.000:0.000:0.000","-14.000:0.050:0.000","0.000:0.000:0.000","0.000:0.050:-12.000","0.000:0.000:0.000",99.981,"Nominal",0.000,1,"NavigateToSource:Forward",False,True,True,True,True,True,"H1:0.988|H2:0.988|H3:0.988|H4:0.988|H5:0.988|F1:0.988|F2:0.988","H1:0.000|H2:0.000|H3:0.000|H4:0.000|H5:0.000|F1:0.000|F2:0.000","H1:VALID|H2:VALID|H3:VALID|H4:VALID|H5:VALID|F1:VALID|F2:VALID","H1:H1 rack picking and carton handoff:Load / inspect at source:load=False:handoffs=0|H2:H2 cross-aisle carton transfer:Load / inspect at source:load=False:handoffs=0|H3:H3 station scan and dispatch verification:Load / inspect at source:load=False:handoffs=0|H4:H4 trolley supply transfer:Load / inspect at source:load=False:handoffs=0|H5:H5 rack inspection and replenishment:Load / inspect at source:load=False:handoffs=0|F1:F1 inbound pallet replenishment:Load / inspect at source:load=False:handoffs=0|F2:F2 outbound pallet dispatch:Load / inspect at source:load=False:handoffs=0","0.988",True,True
1.0906,8,56,10,3.0632,10.0000,9.9732,5.8313,180,1,"Charging Cabinet:23.09:0.72:-12.52",-0.0288,0.0360,0.8153,-0.0117,0.0325,0.0238,0.0295,0.0422,1.0330,1.4744,24.0010,-15.9922,7.4647,1.2537,False,False,"Parcel_1","24.806:1.050:-15.504","P2","D3-Healthcare","EP0056-P01|DEST:D3-Healthcare|TASK:E3-T01","Healthcare","UNASSIGNED","UNASSIGNED",3.000,4,False,False,False,False,True,True,"H1:9.333:0.050:13.500|H2:-4.200:0.050:-13.500|H3:-24.000:0.050:-15.000|H4:4.200:0.050:13.500|H5:8.400:0.050:10.000","H1:0.000:0.000:0.000|H2:0.000:0.000:0.000|H3:0.000:0.000:0.000|H4:0.000:0.000:0.000|H5:0.000:0.000:0.000","F1:-14.000:0.050:0.000|F2:0.000:0.050:-12.000","F1:0.000:0.000:0.000|F2:0.000:0.000:0.000","9.333:0.050:13.500","0.000:0.000:0.000","-4.200:0.050:-13.500","0.000:0.000:0.000","-24.000:0.050:-15.000","0.000:0.000:0.000","4.200:0.050:13.500","0.000:0.000:0.000","8.400:0.050:10.000","0.000:0.000:0.000","-14.000:0.050:0.000","0.000:0.000:0.000","0.000:0.050:-12.000","0.000:0.000:0.000",99.979,"Nominal",0.000,1,"NavigateToSource:Forward",False,True,True,True,True,True,"H1:1.091|H2:1.091|H3:1.091|H4:1.091|H5:1.091|F1:1.091|F2:1.091","H1:0.000|H2:0.000|H3:0.000|H4:0.000|H5:0.000|F1:0.000|F2:0.000","H1:VALID|H2:VALID|H3:VALID|H4:VALID|H5:VALID|F1:VALID|F2:VALID","H1:H1 rack picking and carton handoff:Load / inspect at source:load=False:handoffs=0|H2:H2 cross-aisle carton transfer:Load / inspect at source:load=False:handoffs=0|H3:H3 station scan and dispatch verification:Load / inspect at source:load=False:handoffs=0|H4:H4 trolley supply transfer:Load / inspect at source:load=False:handoffs=0|H5:H5 rack inspection and replenishment:Load / inspect at source:load=False:handoffs=0|F1:F1 inbound pallet replenishment:Load / inspect at source:load=False:handoffs=0|F2:F2 outbound pallet dispatch:Load / inspect at source:load=False:handoffs=0","1.091",True,True
1.2268,8,56,11,2.9950,9.9794,9.9741,5.8673,180,1,"Charging Cabinet:23.10:0.74:-12.58",-0.0515,-0.0512,0.6426,0.0369,-0.0013,0.0088,0.0448,0.0543,1.1988,1.4524,24.0089,-15.8522,3.1396,1.3256,False,False,"Parcel_1","24.806:1.050:-15.504","P2","D3-Healthcare","EP0056-P01|DEST:D3-Healthcare|TASK:E3-T01","Healthcare","UNASSIGNED","UNASSIGNED",3.000,4,False,False,False,False,True,True,"H1:9.333:0.050:13.500|H2:-4.200:0.050:-13.500|H3:-24.000:0.050:-15.000|H4:4.200:0.050:13.500|H5:8.400:0.050:10.000","H1:0.000:0.000:0.000|H2:0.000:0.000:0.000|H3:0.000:0.000:0.000|H4:0.000:0.000:0.000|H5:0.000:0.000:0.000","F1:-14.000:0.050:0.000|F2:0.000:0.050:-12.000","F1:0.000:0.000:0.000|F2:0.000:0.000:0.000","9.333:0.050:13.500","0.000:0.000:0.000","-4.200:0.050:-13.500","0.000:0.000:0.000","-24.000:0.050:-15.000","0.000:0.000:0.000","4.200:0.050:13.500","0.000:0.000:0.000","8.400:0.050:10.000","0.000:0.000:0.000","-14.000:0.050:0.000","0.000:0.000:0.000","0.000:0.050:-12.000","0.000:0.000:0.000",99.976,"Nominal",0.000,1,"NavigateToSource:Forward",False,True,True,True,True,True,"H1:1.227|H2:1.227|H3:1.227|H4:1.227|H5:1.227|F1:1.227|F2:1.227","H1:0.000|H2:0.000|H3:0.000|H4:0.000|H5:0.000|F1:0.000|F2:0.000","H1:VALID|H2:VALID|H3:VALID|H4:VALID|H5:VALID|F1:VALID|F2:VALID","H1:H1 rack picking and carton handoff:Load / inspect at source:load=False:handoffs=0|H2:H2 cross-aisle carton transfer:Load / inspect at source:load=False:handoffs=0|H3:H3 station scan and dispatch verification:Load / inspect at source:load=False:handoffs=0|H4:H4 trolley supply transfer:Load / inspect at source:load=False:handoffs=0|H5:H5 rack inspection and replenishment:Load / inspect at source:load=False:handoffs=0|F1:F1 inbound pallet replenishment:Load / inspect at source:load=False:handoffs=0|F2:F2 outbound pallet dispatch:Load / inspect at source:load=False:handoffs=0","1.227",True,True
1.3449,8,56,12,2.8153,10.0000,10.0000,5.8055,180,1,"Charging Cabinet:23.10:0.69:-12.51",0.0783,-0.0018,0.9883,-0.0065,-0.0034,0.0348,0.0318,0.0251,1.4541,1.1502,24.0051,-15.7144,-3.9322,1.3021,False,False,"Parcel_1","24.806:1.050:-15.504","P2","D3-Healthcare","EP0056-P01|DEST:D3-Healthcare|TASK:E3-T01","Healthcare","UNASSIGNED","UNASSIGNED",3.000,4,False,False,False,False,True,True,"H1:9.333:0.050:13.500|H2:-4.200:0.050:-13.500|H3:-24.000:0.050:-15.000|H4:4.200:0.050:13.500|H5:8.400:0.050:10.000","H1:0.000:0.000:0.000|H2:0.000:0.000:0.000|H3:0.000:0.000:0.000|H4:0.000:0.000:0.000|H5:0.000:0.000:0.000","F1:-14.000:0.050:0.000|F2:0.000:0.050:-12.000","F1:0.000:0.000:0.000|F2:0.000:0.000:0.000","9.333:0.050:13.500","0.000:0.000:0.000","-4.200:0.050:-13.500","0.000:0.000:0.000","-24.000:0.050:-15.000","0.000:0.000:0.000","4.200:0.050:13.500","0.000:0.000:0.000","8.400:0.050:10.000","0.000:0.000:0.000","-14.000:0.050:0.000","0.000:0.000:0.000","0.000:0.050:-12.000","0.000:0.000:0.000",99.974,"Nominal",0.000,1,"NavigateToSource:Forward",False,True,True,True,True,True,"H1:1.345|H2:1.345|H3:1.345|H4:1.345|H5:1.345|F1:1.345|F2:1.345","H1:0.000|H2:0.000|H3:0.000|H4:0.000|H5:0.000|F1:0.000|F2:0.000","H1:VALID|H2:VALID|H3:VALID|H4:VALID|H5:VALID|F1:VALID|F2:VALID","H1:H1 rack picking and carton handoff:Load / inspect at source:load=False:handoffs=0|H2:H2 cross-aisle carton transfer:Load / inspect at source:load=False:handoffs=0|H3:H3 station scan and dispatch verification:Load / inspect at source:load=False:handoffs=0|H4:H4 trolley supply transfer:Load / inspect at source:load=False:handoffs=0|H5:H5 rack inspection and replenishment:Load / inspect at source:load=False:handoffs=0|F1:F1 inbound pallet replenishment:Load / inspect at source:load=False:handoffs=0|F2:F2 outbound pallet dispatch:Load / inspect at source:load=False:handoffs=0","1.345",True,True
1.4636,8,56,13,2.6671,10.0000,10.0000,5.8640,180,1,"Charging Cabinet:23.06:0.71:-12.58",0.0336,0.0303,-1.2321,-0.0120,-0.0069,-0.0168,0.0259,0.0344,1.0452,1.3895,23.9928,-15.5487,-2.2363,1.2174,False,False,"Parcel_1","24.806:1.050:-15.504","P2","D3-Healthcare","EP0056-P01|DEST:D3-Healthcare|TASK:E3-T01","Healthcare","UNASSIGNED","UNASSIGNED",3.000,4,False,False,False,False,True,True,"H1:9.333:0.050:13.500|H2:-4.200:0.050:-13.500|H3:-24.000:0.050:-15.000|H4:4.200:0.050:13.500|H5:8.400:0.050:10.000","H1:0.000:0.000:0.000|H2:0.000:0.000:0.000|H3:0.000:0.000:0.000|H4:0.000:0.000:0.000|H5:0.000:0.000:0.000","F1:-14.000:0.050:0.000|F2:0.000:0.050:-12.000","F1:0.000:0.000:0.000|F2:0.000:0.000:0.000","9.333:0.050:13.500","0.000:0.000:0.000","-4.200:0.050:-13.500","0.000:0.000:0.000","-24.000:0.050:-15.000","0.000:0.000:0.000","4.200:0.050:13.500","0.000:0.000:0.000","8.400:0.050:10.000","0.000:0.000:0.000","-14.000:0.050:0.000","0.000:0.000:0.000","0.000:0.050:-12.000","0.000:0.000:0.000",99.971,"Nominal",0.000,1,"NavigateToSource:Forward",False,True,True,True,True,True,"H1:1.464|H2:1.464|H3:1.464|H4:1.464|H5:1.464|F1:1.464|F2:1.464","H1:0.000|H2:0.000|H3:0.000|H4:0.000|H5:0.000|F1:0.000|F2:0.000","H1:VALID|H2:VALID|H3:VALID|H4:VALID|H5:VALID|F1:VALID|F2:VALID","H1:H1 rack picking and carton handoff:Load / inspect at source:load=False:handoffs=0|H2:H2 cross-aisle carton transfer:Load / inspect at source:load=False:handoffs=0|H3:H3 station scan and dispatch verification:Load / inspect at source:load=False:handoffs=0|H4:H4 trolley supply transfer:Load / inspect at source:load=False:handoffs=0|H5:H5 rack inspection and replenishment:Load / inspect at source:load=False:handoffs=0|F1:F1 inbound pallet replenishment:Load / inspect at source:load=False:handoffs=0|F2:F2 outbound pallet dispatch:Load / inspect at source:load=False:handoffs=0","1.464",True,True
1.5731,8,56,14,2.5306,10.0000,9.9874,5.8952,180,1,"Charging Cabinet:23.11:0.72:-12.54",-0.0033,0.0787,-1.8103,0.0242,0.0099,0.0070,0.0329,0.0148,1.2649,0.5682,23.9895,-15.4344,-2.2506,0.9165,False,False,"Parcel_1","24.806:1.050:-15.504","P2","D3-Healthcare","EP0056-P01|DEST:D3-Healthcare|TASK:E3-T01","Healthcare","UNASSIGNED","UNASSIGNED",3.000,4,False,False,False,False,True,True,"H1:9.333:0.050:13.500|H2:-4.200:0.050:-13.500|H3:-24.000:0.050:-15.000|H4:4.200:0.050:13.500|H5:8.400:0.050:10.000","H1:0.000:0.000:0.000|H2:0.000:0.000:0.000|H3:0.000:0.000:0.000|H4:0.000:0.000:0.000|H5:0.000:0.000:0.000","F1:-14.000:0.050:0.000|F2:0.000:0.050:-12.000","F1:0.000:0.000:0.000|F2:0.000:0.000:0.000","9.333:0.050:13.500","0.000:0.000:0.000","-4.200:0.050:-13.500","0.000:0.000:0.000","-24.000:0.050:-15.000","0.000:0.000:0.000","4.200:0.050:13.500","0.000:0.000:0.000","8.400:0.050:10.000","0.000:0.000:0.000","-14.000:0.050:0.000","0.000:0.000:0.000","0.000:0.050:-12.000","0.000:0.000:0.000",99.969,"Nominal",0.000,1,"NavigateToSource:Forward",False,True,True,True,True,True,"H1:1.573|H2:1.573|H3:1.573|H4:1.573|H5:1.573|F1:1.573|F2:1.573","H1:0.000|H2:0.000|H3:0.000|H4:0.000|H5:0.000|F1:0.000|F2:0.000","H1:VALID|H2:VALID|H3:VALID|H4:VALID|H5:VALID|F1:VALID|F2:VALID","H1:H1 rack picking and carton handoff:Load / inspect at source:load=False:handoffs=0|H2:H2 cross-aisle carton transfer:Load / inspect at source:load=False:handoffs=0|H3:H3 station scan and dispatch verification:Load / inspect at source:load=False:handoffs=0|H4:H4 trolley supply transfer:Load / inspect at source:load=False:handoffs=0|H5:H5 rack inspection and replenishment:Load / inspect at source:load=False:handoffs=0|F1:F1 inbound pallet replenishment:Load / inspect at source:load=False:handoffs=0|F2:F2 outbound pallet dispatch:Load / inspect at source:load=False:handoffs=0","1.573",True,True
1.6965,8,56,15,2.6298,6.9166,10.0000,5.9676,180,0,"",-0.0071,-0.0313,-1.3370,0.0033,5.6046,-0.0073,-0.0125,0.0435,-0.5190,1.7976,24.0405,-15.3337,58.2367,0.6393,False,False,"Parcel_1","24.806:1.050:-15.504","P2","D3-Healthcare","EP0056-P01|DEST:D3-Healthcare|TASK:E3-T01","Healthcare","UNASSIGNED","UNASSIGNED",3.000,4,False,False,False,False,True,True,"H1:9.333:0.050:13.500|H2:-4.200:0.050:-13.500|H3:-24.000:0.050:-15.000|H4:4.200:0.050:13.500|H5:8.400:0.050:10.000","H1:0.000:0.000:0.000|H2:0.000:0.000:0.000|H3:0.000:0.000:0.000|H4:0.000:0.000:0.000|H5:0.000:0.000:0.000","F1:-14.000:0.050:0.000|F2:0.000:0.050:-12.000","F1:0.000:0.000:0.000|F2:0.000:0.000:0.000","9.333:0.050:13.500","0.000:0.000:0.000","-4.200:0.050:-13.500","0.000:0.000:0.000","-24.000:0.050:-15.000","0.000:0.000:0.000","4.200:0.050:13.500","0.000:0.000:0.000","8.400:0.050:10.000","0.000:0.000:0.000","-14.000:0.050:0.000","0.000:0.000:0.000","0.000:0.050:-12.000","0.000:0.000:0.000",99.967,"Nominal",0.000,1,"AlignAtSource:Wait",False,True,True,True,True,True,"H1:1.697|H2:1.697|H3:1.697|H4:1.697|H5:1.697|F1:1.697|F2:1.697","H1:0.000|H2:0.000|H3:0.000|H4:0.000|H5:0.000|F1:0.000|F2:0.000","H1:VALID|H2:VALID|H3:VALID|H4:VALID|H5:VALID|F1:VALID|F2:VALID","H1:H1 rack picking and carton handoff:Load / inspect at source:load=False:handoffs=0|H2:H2 cross-aisle carton transfer:Load / inspect at source:load=False:handoffs=0|H3:H3 station scan and dispatch verification:Load / inspect at source:load=False:handoffs=0|H4:H4 trolley supply transfer:Load / inspect at source:load=False:handoffs=0|H5:H5 rack inspection and replenishment:Load / inspect at source:load=False:handoffs=0|F1:F1 inbound pallet replenishment:Load / inspect at source:load=False:handoffs=0|F2:F2 outbound pallet dispatch:Load / inspect at source:load=False:handoffs=0","1.697",True,True
1.8170,8,56,16,2.6912,5.5732,9.9994,4.7838,180,0,"",-0.0865,-0.0207,-1.5836,0.0351,3.1181,-0.0406,0.0028,0.0200,0.1124,0.7990,24.1254,-15.3114,86.1959,0.4557,False,False,"Parcel_1","24.806:1.050:-15.504","P2","D3-Healthcare","EP0056-P01|DEST:D3-Healthcare|TASK:E3-T01","Healthcare","UNASSIGNED","UNASSIGNED",3.000,4,False,False,False,False,True,True,"H1:9.333:0.050:13.500|H2:-4.200:0.050:-13.500|H3:-24.000:0.050:-15.000|H4:4.200:0.050:13.500|H5:8.400:0.050:10.000","H1:0.000:0.000:0.000|H2:0.000:0.000:0.000|H3:0.000:0.000:0.000|H4:0.000:0.000:0.000|H5:0.000:0.000:0.000","F1:-14.000:0.050:0.000|F2:0.000:0.050:-12.000","F1:0.000:0.000:0.000|F2:0.000:0.000:0.000","9.333:0.050:13.500","0.000:0.000:0.000","-4.200:0.050:-13.500","0.000:0.000:0.000","-24.000:0.050:-15.000","0.000:0.000:0.000","4.200:0.050:13.500","0.000:0.000:0.000","8.400:0.050:10.000","0.000:0.000:0.000","-14.000:0.050:0.000","0.000:0.000:0.000","0.000:0.050:-12.000","0.000:0.000:0.000",99.964,"Nominal",0.000,1,"AlignAtSource:Wait",False,True,True,True,True,True,"H1:1.817|H2:1.817|H3:1.817|H4:1.817|H5:1.817|F1:1.817|F2:1.817","H1:0.000|H2:0.000|H3:0.000|H4:0.000|H5:0.000|F1:0.000|F2:0.000","H1:VALID|H2:VALID|H3:VALID|H4:VALID|H5:VALID|F1:VALID|F2:VALID","H1:H1 rack picking and carton handoff:Load / inspect at source:load=False:handoffs=0|H2:H2 cross-aisle carton transfer:Load / inspect at source:load=False:handoffs=0|H3:H3 station scan and dispatch verification:Load / inspect at source:load=False:handoffs=0|H4:H4 trolley supply transfer:Load / inspect at source:load=False:handoffs=0|H5:H5 rack inspection and replenishment:Load / inspect at source:load=False:handoffs=0|F1:F1 inbound pallet replenishment:Load / inspect at source:load=False:handoffs=0|F2:F2 outbound pallet dispatch:Load / inspect at source:load=False:handoffs=0","1.817",True,True
1.9338,8,56,17,2.6914,5.5279,10.0000,4.7048,180,0,"",-0.0211,-0.0587,-1.4369,0.0112,1.3694,0.0327,-0.0046,0.0182,-0.2010,0.7990,24.1872,-15.3143,98.1779,0.2990,False,False,"Parcel_1","24.806:1.050:-15.504","P2","D3-Healthcare","EP0056-P01|DEST:D3-Healthcare|TASK:E3-T01","Healthcare","UNASSIGNED","UNASSIGNED",3.000,4,False,False,False,False,True,True,"H1:9.333:0.050:13.500|H2:-4.200:0.050:-13.500|H3:-24.000:0.050:-15.000|H4:4.200:0.050:13.500|H5:8.400:0.050:10.000","H1:0.000:0.000:0.000|H2:0.000:0.000:0.000|H3:0.000:0.000:0.000|H4:0.000:0.000:0.000|H5:0.000:0.000:0.000","F1:-14.000:0.050:0.000|F2:0.000:0.050:-12.000","F1:0.000:0.000:0.000|F2:0.000:0.000:0.000","9.333:0.050:13.500","0.000:0.000:0.000","-4.200:0.050:-13.500","0.000:0.000:0.000","-24.000:0.050:-15.000","0.000:0.000:0.000","4.200:0.050:13.500","0.000:0.000:0.000","8.400:0.050:10.000","0.000:0.000:0.000","-14.000:0.050:0.000","0.000:0.000:0.000","0.000:0.050:-12.000","0.000:0.000:0.000",99.962,"Nominal",0.000,1,"AlignAtSource:Wait",False,True,True,True,True,True,"H1:1.934|H2:1.934|H3:1.934|H4:1.934|H5:1.934|F1:1.934|F2:1.934","H1:0.000|H2:0.000|H3:0.000|H4:0.000|H5:0.000|F1:0.000|F2:0.000","H1:VALID|H2:VALID|H3:VALID|H4:VALID|H5:VALID|F1:VALID|F2:VALID","H1:H1 rack picking and carton handoff:Load / inspect at source:load=False:handoffs=0|H2:H2 cross-aisle carton transfer:Load / inspect at source:load=False:handoffs=0|H3:H3 station scan and dispatch verification:Load / inspect at source:load=False:handoffs=0|H4:H4 trolley supply transfer:Load / inspect at source:load=False:handoffs=0|H5:H5 rack inspection and replenishment:Load / inspect at source:load=False:handoffs=0|F1:F1 inbound pallet replenishment:Load / inspect at source:load=False:handoffs=0|F2:F2 outbound pallet dispatch:Load / inspect at source:load=False:handoffs=0","1.934",True,True
2.0497,8,56,18,2.6840,5.6156,9.9957,4.8340,180,1,"Parcel_EP0056-P01|DEST:D3-Healthcare|TASK:E3-T01_Healthcare:24.80:1.07:-15.49",0.0163,0.0457,-1.4101,0.0239,0.6394,-0.0063,0.0183,0.0162,0.7053,0.6229,24.2872,-15.3361,102.3476,0.6641,False,False,"Parcel_1","24.806:1.050:-15.504","P2","D3-Healthcare","EP0056-P01|DEST:D3-Healthcare|TASK:E3-T01","Healthcare","UNASSIGNED","UNASSIGNED",3.000,4,False,False,False,False,True,True,"H1:9.333:0.050:13.500|H2:-4.200:0.050:-13.500|H3:-24.000:0.050:-15.000|H4:4.200:0.050:13.500|H5:8.400:0.050:10.000","H1:0.000:0.000:0.000|H2:0.000:0.000:0.000|H3:0.000:0.000:0.000|H4:0.000:0.000:0.000|H5:0.000:0.000:0.000","F1:-14.000:0.050:0.000|F2:0.000:0.050:-12.000","F1:0.000:0.000:0.000|F2:0.000:0.000:0.000","9.333:0.050:13.500","0.000:0.000:0.000","-4.200:0.050:-13.500","0.000:0.000:0.000","-24.000:0.050:-15.000","0.000:0.000:0.000","4.200:0.050:13.500","0.000:0.000:0.000","8.400:0.050:10.000","0.000:0.000:0.000","-14.000:0.050:0.000","0.000:0.000:0.000","0.000:0.050:-12.000","0.000:0.000:0.000",99.960,"Nominal",0.000,1,"ScanBarcode:Wait",False,True,True,True,True,True,"H1:2.050|H2:2.050|H3:2.050|H4:2.050|H5:2.050|F1:2.050|F2:2.050","H1:0.000|H2:0.000|H3:0.000|H4:0.000|H5:0.000|F1:0.000|F2:0.000","H1:VALID|H2:VALID|H3:VALID|H4:VALID|H5:VALID|F1:VALID|F2:VALID","H1:H1 rack picking and carton handoff:Load / inspect at source:load=False:handoffs=0|H2:H2 cross-aisle carton transfer:Load / inspect at source:load=False:handoffs=0|H3:H3 station scan and dispatch verification:Load / inspect at source:load=False:handoffs=0|H4:H4 trolley supply transfer:Load / inspect at source:load=False:handoffs=0|H5:H5 rack inspection and replenishment:Load / inspect at source:load=False:handoffs=0|F1:F1 inbound pallet replenishment:Load / inspect at source:load=False:handoffs=0|F2:F2 outbound pallet dispatch:Load / inspect at source:load=False:handoffs=0","2.050",True,True
2.1649,8,56,19,2.6129,5.5057,10.0000,4.8213,180,0,"",0.0366,-0.0106,-1.4771,0.0089,-1.5954,0.0162,0.0295,-0.0018,1.2814,-0.0794,24.3497,-15.3414,85.1097,0.6010,False,False,"Parcel_1","24.806:1.050:-15.504","P2","D3-Healthcare","EP0056-P01|DEST:D3-Healthcare|TASK:E3-T01","Healthcare","UNASSIGNED","UNASSIGNED",3.000,4,False,False,False,False,True,True,"H1:9.333:0.050:13.500|H2:-4.200:0.050:-13.500|H3:-24.000:0.050:-15.000|H4:4.200:0.050:13.500|H5:8.400:0.050:10.000","H1:0.000:0.000:0.000|H2:0.000:0.000:0.000|H3:0.000:0.000:0.000|H4:0.000:0.000:0.000|H5:0.000:0.000:0.000","F1:-14.000:0.050:0.000|F2:0.000:0.050:-12.000","F1:0.000:0.000:0.000|F2:0.000:0.000:0.000","9.333:0.050:13.500","0.000:0.000:0.000","-4.200:0.050:-13.500","0.000:0.000:0.000","-24.000:0.050:-15.000","0.000:0.000:0.000","4.200:0.050:13.500","0.000:0.000:0.000","8.400:0.050:10.000","0.000:0.000:0.000","-14.000:0.050:0.000","0.000:0.000:0.000","0.000:0.050:-12.000","0.000:0.000:0.000",99.957,"Nominal",0.000,1,"ScanBarcode:Wait",False,True,True,True,True,True,"H1:2.165|H2:2.165|H3:2.165|H4:2.165|H5:2.165|F1:2.165|F2:2.165","H1:0.000|H2:0.000|H3:0.000|H4:0.000|H5:0.000|F1:0.000|F2:0.000","H1:VALID|H2:VALID|H3:VALID|H4:VALID|H5:VALID|F1:VALID|F2:VALID","H1:H1 rack picking and carton handoff:Load / inspect at source:load=False:handoffs=0|H2:H2 cross-aisle carton transfer:Load / inspect at source:load=False:handoffs=0|H3:H3 station scan and dispatch verification:Load / inspect at source:load=False:handoffs=0|H4:H4 trolley supply transfer:Load / inspect at source:load=False:handoffs=0|H5:H5 rack inspection and replenishment:Load / inspect at source:load=False:handoffs=0|F1:F1 inbound pallet replenishment:Load / inspect at source:load=False:handoffs=0|F2:F2 outbound pallet dispatch:Load / inspect at source:load=False:handoffs=0","2.165",True,True
2.2675,8,56,20,2.5312,5.5245,9.9936,4.8959,180,0,"",-0.0156,-0.0866,-2.0490,0.0141,0.0097,-0.0050,-0.0140,0.0186,-0.4275,0.5683,24.3457,-15.3412,85.8484,0.0704,False,False,"Parcel_1","24.806:1.050:-15.504","P2","D3-Healthcare","EP0056-P01|DEST:D3-Healthcare|TASK:E3-T01","Healthcare","UNASSIGNED","UNASSIGNED",3.000,4,False,False,False,False,True,True,"H1:9.333:0.050:13.500|H2:-4.200:0.050:-13.500|H3:-24.000:0.050:-15.000|H4:4.200:0.050:13.500|H5:8.400:0.050:10.000","H1:0.000:0.000:0.000|H2:0.000:0.000:0.000|H3:0.000:0.000:0.000|H4:0.000:0.000:0.000|H5:0.000:0.000:0.000","F1:-14.000:0.050:0.000|F2:0.000:0.050:-12.000","F1:0.000:0.000:0.000|F2:0.000:0.000:0.000","9.333:0.050:13.500","0.000:0.000:0.000","-4.200:0.050:-13.500","0.000:0.000:0.000","-24.000:0.050:-15.000","0.000:0.000:0.000","4.200:0.050:13.500","0.000:0.000:0.000","8.400:0.050:10.000","0.000:0.000:0.000","-14.000:0.050:0.000","0.000:0.000:0.000","0.000:0.050:-12.000","0.000:0.000:0.000",99.955,"Nominal",0.000,1,"ScanBarcode:Wait",False,True,True,True,True,True,"H1:2.267|H2:2.267|H3:2.267|H4:2.267|H5:2.267|F1:2.267|F2:2.267","H1:0.000|H2:0.000|H3:0.000|H4:0.000|H5:0.000|F1:0.000|F2:0.000","H1:VALID|H2:VALID|H3:VALID|H4:VALID|H5:VALID|F1:VALID|F2:VALID","H1:H1 rack picking and carton handoff:Load / inspect at source:load=False:handoffs=0|H2:H2 cross-aisle carton transfer:Load / inspect at source:load=False:handoffs=0|H3:H3 station scan and dispatch verification:Load / inspect at source:load=False:handoffs=0|H4:H4 trolley supply transfer:Load / inspect at source:load=False:handoffs=0|H5:H5 rack inspection and replenishment:Load / inspect at source:load=False:handoffs=0|F1:F1 inbound pallet replenishment:Load / inspect at source:load=False:handoffs=0|F2:F2 outbound pallet dispatch:Load / inspect at source:load=False:handoffs=0","2.267",True,True
2.3352,8,56,21,2.5622,5.5173,9.9870,4.9215,180,0,"",0.0031,-0.0391,0.0781,0.0056,-0.0054,-0.0267,-0.0077,0.0003,-0.1837,0.0077,24.3558,-15.3409,90.5307,-0.0880,False,False,"Parcel_1","24.806:1.050:-15.504","P2","D3-Healthcare","EP0056-P01|DEST:D3-Healthcare|TASK:E3-T01","Healthcare","UNASSIGNED","UNASSIGNED",3.000,4,False,False,False,False,True,True,"H1:9.333:0.050:13.500|H2:-4.200:0.050:-13.500|H3:-24.000:0.050:-15.000|H4:4.200:0.050:13.500|H5:8.400:0.050:10.000","H1:0.000:0.000:0.000|H2:0.000:0.000:0.000|H3:0.000:0.000:0.000|H4:0.000:0.000:0.000|H5:0.000:0.000:0.000","F1:-14.000:0.050:0.000|F2:0.000:0.050:-12.000","F1:0.000:0.000:0.000|F2:0.000:0.000:0.000","9.333:0.050:13.500","0.000:0.000:0.000","-4.200:0.050:-13.500","0.000:0.000:0.000","-24.000:0.050:-15.000","0.000:0.000:0.000","4.200:0.050:13.500","0.000:0.000:0.000","8.400:0.050:10.000","0.000:0.000:0.000","-14.000:0.050:0.000","0.000:0.000:0.000","0.000:0.050:-12.000","0.000:0.000:0.000",99.953,"Nominal",0.000,1,"Complete:Wait",False,True,True,True,True,True,"H1:2.335|H2:2.335|H3:2.335|H4:2.335|H5:2.335|F1:2.335|F2:2.335","H1:0.000|H2:0.000|H3:0.000|H4:0.000|H5:0.000|F1:0.000|F2:0.000","H1:VALID|H2:VALID|H3:VALID|H4:VALID|H5:VALID|F1:VALID|F2:VALID","H1:H1 rack picking and carton handoff:Load / inspect at source:load=False:handoffs=0|H2:H2 cross-aisle carton transfer:Load / inspect at source:load=False:handoffs=0|H3:H3 station scan and dispatch verification:Load / inspect at source:load=False:handoffs=0|H4:H4 trolley supply transfer:Load / inspect at source:load=False:handoffs=0|H5:H5 rack inspection and replenishment:Load / inspect at source:load=False:handoffs=0|F1:F1 inbound pallet replenishment:Load / inspect at source:load=False:handoffs=0|F2:F2 outbound pallet dispatch:Load / inspect at source:load=False:handoffs=0","2.335",True,True
0.1202,8,57,1,3.6124,9.9937,10.0000,5.8429,180,2,"Parcel_EP0057-P01|DEST:D3-Healthcare|TASK:E3-T01_Healthcare:24.81:1.04:-15.51|Charging Cabinet:23.12:0.71:-12.52",0.0633,0.0694,0.9869,-0.0190,-0.0167,-0.0013,0.0050,0.0022,0.2284,0.1021,24.0027,-16.5249,2.5678,0.1652,False,False,"Parcel_1","24.806:1.050:-15.504","P2","D3-Healthcare","EP0057-P01|DEST:D3-Healthcare|TASK:E3-T01","Healthcare","UNASSIGNED","UNASSIGNED",3.000,4,False,False,False,False,True,True,"H1:9.333:0.050:13.500|H2:-4.200:0.050:-13.500|H3:-24.000:0.050:-15.000|H4:4.200:0.050:13.500|H5:8.400:0.050:10.000","H1:0.000:0.000:0.000|H2:0.000:0.000:0.000|H3:0.000:0.000:0.000|H4:0.000:0.000:0.000|H5:0.000:0.000:0.000","F1:-14.000:0.050:0.000|F2:0.000:0.050:-12.000","F1:0.000:0.000:0.000|F2:0.000:0.000:0.000","9.333:0.050:13.500","0.000:0.000:0.000","-4.200:0.050:-13.500","0.000:0.000:0.000","-24.000:0.050:-15.000","0.000:0.000:0.000","4.200:0.050:13.500","0.000:0.000:0.000","8.400:0.050:10.000","0.000:0.000:0.000","-14.000:0.050:0.000","0.000:0.000:0.000","0.000:0.050:-12.000","0.000:0.000:0.000",99.998,"Nominal",0.000,1,"NavigateToSource:Forward",False,True,True,True,True,True,"H1:0.120|H2:0.120|H3:0.120|H4:0.120|H5:0.120|F1:0.120|F2:0.120","H1:0.000|H2:0.000|H3:0.000|H4:0.000|H5:0.000|F1:0.000|F2:0.000","H1:VALID|H2:VALID|H3:VALID|H4:VALID|H5:VALID|F1:VALID|F2:VALID","H1:H1 rack picking and carton handoff:Load / inspect at source:load=False:handoffs=0|H2:H2 cross-aisle carton transfer:Load / inspect at source:load=False:handoffs=0|H3:H3 station scan and dispatch verification:Load / inspect at source:load=False:handoffs=0|H4:H4 trolley supply transfer:Load / inspect at source:load=False:handoffs=0|H5:H5 rack inspection and replenishment:Load / inspect at source:load=False:handoffs=0|F1:F1 inbound pallet replenishment:Load / inspect at source:load=False:handoffs=0|F2:F2 outbound pallet dispatch:Load / inspect at source:load=False:handoffs=0","0.120",True,True
0.2247,8,57,2,3.6139,10.0000,9.9872,5.8699,180,2,"Parcel_EP0057-P01|DEST:D3-Healthcare|TASK:E3-T01_Healthcare:24.80:1.00:-15.50|Charging Cabinet:23.14:0.72:-12.57",-0.0225,-0.0543,1.0238,0.0097,-0.0166,-0.0004,-0.0091,0.0175,-0.3444,0.6650,24.0028,-16.5441,2.4660,0.1603,False,False,"Parcel_1","24.806:1.050:-15.504","P2","D3-Healthcare","EP0057-P01|DEST:D3-Healthcare|TASK:E3-T01","Healthcare","UNASSIGNED","UNASSIGNED",3.000,4,False,False,False,False,True,True,"H1:9.333:0.050:13.500|H2:-4.200:0.050:-13.500|H3:-24.000:0.050:-15.000|H4:4.200:0.050:13.500|H5:8.400:0.050:10.000","H1:0.000:0.000:0.000|H2:0.000:0.000:0.000|H3:0.000:0.000:0.000|H4:0.000:0.000:0.000|H5:0.000:0.000:0.000","F1:-14.000:0.050:0.000|F2:0.000:0.050:-12.000","F1:0.000:0.000:0.000|F2:0.000:0.000:0.000","9.333:0.050:13.500","0.000:0.000:0.000","-4.200:0.050:-13.500","0.000:0.000:0.000","-24.000:0.050:-15.000","0.000:0.000:0.000","4.200:0.050:13.500","0.000:0.000:0.000","8.400:0.050:10.000","0.000:0.000:0.000","-14.000:0.050:0.000","0.000:0.000:0.000","0.000:0.050:-12.000","0.000:0.000:0.000",99.996,"Nominal",0.000,1,"NavigateToSource:Forward",False,True,True,True,True,True,"H1:0.225|H2:0.225|H3:0.225|H4:0.225|H5:0.225|F1:0.225|F2:0.225","H1:0.000|H2:0.000|H3:0.000|H4:0.000|H5:0.000|F1:0.000|F2:0.000","H1:VALID|H2:VALID|H3:VALID|H4:VALID|H5:VALID|F1:VALID|F2:VALID","H1:H1 rack picking and carton handoff:Load / inspect at source:load=False:handoffs=0|H2:H2 cross-aisle carton transfer:Load / inspect at source:load=False:handoffs=0|H3:H3 station scan and dispatch verification:Load / inspect at source:load=False:handoffs=0|H4:H4 trolley supply transfer:Load / inspect at source:load=False:handoffs=0|H5:H5 rack inspection and replenishment:Load / inspect at source:load=False:handoffs=0|F1:F1 inbound pallet replenishment:Load / inspect at source:load=False:handoffs=0|F2:F2 outbound pallet dispatch:Load / inspect at source:load=False:handoffs=0","0.225",True,True
0.3387,8,57,3,3.5756,10.0000,9.9886,5.8436,180,2,"Parcel_EP0057-P01|DEST:D3-Healthcare|TASK:E3-T01_Healthcare:24.81:1.06:-15.46|Charging Cabinet:23.10:0.69:-12.51",-0.0797,-0.0314,1.0786,0.0061,-0.0286,-0.0252,0.0148,0.0146,0.5885,0.5798,24.0047,-16.5059,3.7733,0.5841,False,False,"Parcel_1","24.806:1.050:-15.504","P2","D3-Healthcare","EP0057-P01|DEST:D3-Healthcare|TASK:E3-T01","Healthcare","UNASSIGNED","UNASSIGNED",3.000,4,False,False,False,False,True,True,"H1:9.333:0.050:13.500|H2:-4.200:0.050:-13.500|H3:-24.000:0.050:-15.000|H4:4.200:0.050:13.500|H5:8.400:0.050:10.000","H1:0.000:0.000:0.000|H2:0.000:0.000:0.000|H3:0.000:0.000:0.000|H4:0.000:0.000:0.000|H5:0.000:0.000:0.000","F1:-14.000:0.050:0.000|F2:0.000:0.050:-12.000","F1:0.000:0.000:0.000|F2:0.000:0.000:0.000","9.333:0.050:13.500","0.000:0.000:0.000","-4.200:0.050:-13.500","0.000:0.000:0.000","-24.000:0.050:-15.000","0.000:0.000:0.000","4.200:0.050:13.500","0.000:0.000:0.000","8.400:0.050:10.000","0.000:0.000:0.000","-14.000:0.050:0.000","0.000:0.000:0.000","0.000:0.050:-12.000","0.000:0.000:0.000",99.994,"Nominal",0.000,1,"NavigateToSource:Forward",False,True,True,True,True,True,"H1:0.339|H2:0.339|H3:0.339|H4:0.339|H5:0.339|F1:0.339|F2:0.339","H1:0.000|H2:0.000|H3:0.000|H4:0.000|H5:0.000|F1:0.000|F2:0.000","H1:VALID|H2:VALID|H3:VALID|H4:VALID|H5:VALID|F1:VALID|F2:VALID","H1:H1 rack picking and carton handoff:Load / inspect at source:load=False:handoffs=0|H2:H2 cross-aisle carton transfer:Load / inspect at source:load=False:handoffs=0|H3:H3 station scan and dispatch verification:Load / inspect at source:load=False:handoffs=0|H4:H4 trolley supply transfer:Load / inspect at source:load=False:handoffs=0|H5:H5 rack inspection and replenishment:Load / inspect at source:load=False:handoffs=0|F1:F1 inbound pallet replenishment:Load / inspect at source:load=False:handoffs=0|F2:F2 outbound pallet dispatch:Load / inspect at source:load=False:handoffs=0","0.339",True,True
0.4565,8,57,4,3.5689,10.0000,9.9948,5.8317,180,2,"Parcel_EP0057-P01|DEST:D3-Healthcare|TASK:E3-T01_Healthcare:24.81:1.07:-15.50|Charging Cabinet:23.09:0.70:-12.50",-0.0508,0.0433,0.9275,-0.0161,-0.0200,0.0275,0.0224,0.0019,0.7455,0.0642,24.0063,-16.4517,-1.0729,0.4048,False,False,"Parcel_1","24.806:1.050:-15.504","P2","D3-Healthcare","EP0057-P01|DEST:D3-Healthcare|TASK:E3-T01","Healthcare","UNASSIGNED","UNASSIGNED",3.000,4,False,False,False,False,True,True,"H1:9.333:0.050:13.500|H2:-4.200:0.050:-13.500|H3:-24.000:0.050:-15.000|H4:4.200:0.050:13.500|H5:8.400:0.050:10.000","H1:0.000:0.000:0.000|H2:0.000:0.000:0.000|H3:0.000:0.000:0.000|H4:0.000:0.000:0.000|H5:0.000:0.000:0.000","F1:-14.000:0.050:0.000|F2:0.000:0.050:-12.000","F1:0.000:0.000:0.000|F2:0.000:0.000:0.000","9.333:0.050:13.500","0.000:0.000:0.000","-4.200:0.050:-13.500","0.000:0.000:0.000","-24.000:0.050:-15.000","0.000:0.000:0.000","4.200:0.050:13.500","0.000:0.000:0.000","8.400:0.050:10.000","0.000:0.000:0.000","-14.000:0.050:0.000","0.000:0.000:0.000","0.000:0.050:-12.000","0.000:0.000:0.000",99.991,"Nominal",0.000,1,"NavigateToSource:Forward",False,True,True,True,True,True,"H1:0.456|H2:0.456|H3:0.456|H4:0.456|H5:0.456|F1:0.456|F2:0.456","H1:0.000|H2:0.000|H3:0.000|H4:0.000|H5:0.000|F1:0.000|F2:0.000","H1:VALID|H2:VALID|H3:VALID|H4:VALID|H5:VALID|F1:VALID|F2:VALID","H1:H1 rack picking and carton handoff:Load / inspect at source:load=False:handoffs=0|H2:H2 cross-aisle carton transfer:Load / inspect at source:load=False:handoffs=0|H3:H3 station scan and dispatch verification:Load / inspect at source:load=False:handoffs=0|H4:H4 trolley supply transfer:Load / inspect at source:load=False:handoffs=0|H5:H5 rack inspection and replenishment:Load / inspect at source:load=False:handoffs=0|F1:F1 inbound pallet replenishment:Load / inspect at source:load=False:handoffs=0|F2:F2 outbound pallet dispatch:Load / inspect at source:load=False:handoffs=0","0.456",True,True
0.5798,8,57,5,3.5096,9.9995,9.9900,5.8407,180,1,"Charging Cabinet:23.14:0.73:-12.54",0.1230,0.0538,0.9541,0.0113,-0.0054,0.0235,0.0176,0.0149,0.7139,0.6064,24.0049,-16.4002,-1.1609,0.6602,False,False,"Parcel_1","24.806:1.050:-15.504","P2","D3-Healthcare","EP0057-P01|DEST:D3-Healthcare|TASK:E3-T01","Healthcare","UNASSIGNED","UNASSIGNED",3.000,4,False,False,False,False,True,True,"H1:9.333:0.050:13.500|H2:-4.200:0.050:-13.500|H3:-24.000:0.050:-15.000|H4:4.200:0.050:13.500|H5:8.400:0.050:10.000","H1:0.000:0.000:0.000|H2:0.000:0.000:0.000|H3:0.000:0.000:0.000|H4:0.000:0.000:0.000|H5:0.000:0.000:0.000","F1:-14.000:0.050:0.000|F2:0.000:0.050:-12.000","F1:0.000:0.000:0.000|F2:0.000:0.000:0.000","9.333:0.050:13.500","0.000:0.000:0.000","-4.200:0.050:-13.500","0.000:0.000:0.000","-24.000:0.050:-15.000","0.000:0.000:0.000","4.200:0.050:13.500","0.000:0.000:0.000","8.400:0.050:10.000","0.000:0.000:0.000","-14.000:0.050:0.000","0.000:0.000:0.000","0.000:0.050:-12.000","0.000:0.000:0.000",99.989,"Nominal",0.000,1,"NavigateToSource:Forward",False,True,True,True,True,True,"H1:0.580|H2:0.580|H3:0.580|H4:0.580|H5:0.580|F1:0.580|F2:0.580","H1:0.000|H2:0.000|H3:0.000|H4:0.000|H5:0.000|F1:0.000|F2:0.000","H1:VALID|H2:VALID|H3:VALID|H4:VALID|H5:VALID|F1:VALID|F2:VALID","H1:H1 rack picking and carton handoff:Load / inspect at source:load=False:handoffs=0|H2:H2 cross-aisle carton transfer:Load / inspect at source:load=False:handoffs=0|H3:H3 station scan and dispatch verification:Load / inspect at source:load=False:handoffs=0|H4:H4 trolley supply transfer:Load / inspect at source:load=False:handoffs=0|H5:H5 rack inspection and replenishment:Load / inspect at source:load=False:handoffs=0|F1:F1 inbound pallet replenishment:Load / inspect at source:load=False:handoffs=0|F2:F2 outbound pallet dispatch:Load / inspect at source:load=False:handoffs=0","0.580",True,True
0.6907,8,57,6,3.4317,10.0000,9.9820,5.8685,180,1,"Charging Cabinet:23.12:0.72:-12.55",0.0165,0.0002,1.0116,-0.0130,-0.0026,-0.0375,-0.0039,0.0103,-0.1364,0.3644,24.0026,-16.3631,-1.4847,0.1140,False,False,"Parcel_1","24.806:1.050:-15.504","P2","D3-Healthcare","EP0057-P01|DEST:D3-Healthcare|TASK:E3-T01","Healthcare","UNASSIGNED","UNASSIGNED",3.000,4,False,False,False,False,True,True,"H1:9.333:0.050:13.500|H2:-4.200:0.050:-13.500|H3:-24.000:0.050:-15.000|H4:4.200:0.050:13.500|H5:8.400:0.050:10.000","H1:0.000:0.000:0.000|H2:0.000:0.000:0.000|H3:0.000:0.000:0.000|H4:0.000:0.000:0.000|H5:0.000:0.000:0.000","F1:-14.000:0.050:0.000|F2:0.000:0.050:-12.000","F1:0.000:0.000:0.000|F2:0.000:0.000:0.000","9.333:0.050:13.500","0.000:0.000:0.000","-4.200:0.050:-13.500","0.000:0.000:0.000","-24.000:0.050:-15.000","0.000:0.000:0.000","4.200:0.050:13.500","0.000:0.000:0.000","8.400:0.050:10.000","0.000:0.000:0.000","-14.000:0.050:0.000","0.000:0.000:0.000","0.000:0.050:-12.000","0.000:0.000:0.000",99.987,"Nominal",0.000,1,"NavigateToSource:Forward",False,True,True,True,True,True,"H1:0.691|H2:0.691|H3:0.691|H4:0.691|H5:0.691|F1:0.691|F2:0.691","H1:0.000|H2:0.000|H3:0.000|H4:0.000|H5:0.000|F1:0.000|F2:0.000","H1:VALID|H2:VALID|H3:VALID|H4:VALID|H5:VALID|F1:VALID|F2:VALID","H1:H1 rack picking and carton handoff:Load / inspect at source:load=False:handoffs=0|H2:H2 cross-aisle carton transfer:Load / inspect at source:load=False:handoffs=0|H3:H3 station scan and dispatch verification:Load / inspect at source:load=False:handoffs=0|H4:H4 trolley supply transfer:Load / inspect at source:load=False:handoffs=0|H5:H5 rack inspection and replenishment:Load / inspect at source:load=False:handoffs=0|F1:F1 inbound pallet replenishment:Load / inspect at source:load=False:handoffs=0|F2:F2 outbound pallet dispatch:Load / inspect at source:load=False:handoffs=0","0.691",True,True
0.8044,8,57,7,3.3560,10.0000,10.0000,5.8584,180,1,"Charging Cabinet:23.12:0.68:-12.58",-0.0770,0.1081,1.1336,-0.0058,0.0129,0.0117,0.0187,0.0130,0.7217,0.5005,23.9969,-16.2854,-7.2608,0.6111,False,False,"Parcel_1","24.806:1.050:-15.504","P2","D3-Healthcare","EP0057-P01|DEST:D3-Healthcare|TASK:E3-T01","Healthcare","UNASSIGNED","UNASSIGNED",3.000,4,False,False,False,False,True,True,"H1:9.333:0.050:13.500|H2:-4.200:0.050:-13.500|H3:-24.000:0.050:-15.000|H4:4.200:0.050:13.500|H5:8.400:0.050:10.000","H1:0.000:0.000:0.000|H2:0.000:0.000:0.000|H3:0.000:0.000:0.000|H4:0.000:0.000:0.000|H5:0.000:0.000:0.000","F1:-14.000:0.050:0.000|F2:0.000:0.050:-12.000","F1:0.000:0.000:0.000|F2:0.000:0.000:0.000","9.333:0.050:13.500","0.000:0.000:0.000","-4.200:0.050:-13.500","0.000:0.000:0.000","-24.000:0.050:-15.000","0.000:0.000:0.000","4.200:0.050:13.500","0.000:0.000:0.000","8.400:0.050:10.000","0.000:0.000:0.000","-14.000:0.050:0.000","0.000:0.000:0.000","0.000:0.050:-12.000","0.000:0.000:0.000",99.984,"Nominal",0.000,1,"NavigateToSource:Forward",False,True,True,True,True,True,"H1:0.804|H2:0.804|H3:0.804|H4:0.804|H5:0.804|F1:0.804|F2:0.804","H1:0.000|H2:0.000|H3:0.000|H4:0.000|H5:0.000|F1:0.000|F2:0.000","H1:VALID|H2:VALID|H3:VALID|H4:VALID|H5:VALID|F1:VALID|F2:VALID","H1:H1 rack picking and carton handoff:Load / inspect at source:load=False:handoffs=0|H2:H2 cross-aisle carton transfer:Load / inspect at source:load=False:handoffs=0|H3:H3 station scan and dispatch verification:Load / inspect at source:load=False:handoffs=0|H4:H4 trolley supply transfer:Load / inspect at source:load=False:handoffs=0|H5:H5 rack inspection and replenishment:Load / inspect at source:load=False:handoffs=0|F1:F1 inbound pallet replenishment:Load / inspect at source:load=False:handoffs=0|F2:F2 outbound pallet dispatch:Load / inspect at source:load=False:handoffs=0","0.804",True,True
0.9294,8,57,8,3.2459,9.9974,9.9684,5.8777,180,1,"Charging Cabinet:23.12:0.70:-12.52",0.0146,-0.0031,0.9804,0.0031,-0.0289,0.0226,0.0333,0.0475,1.0534,1.5012,23.9827,-16.1606,-5.2264,1.2773,False,False,"Parcel_1","24.806:1.050:-15.504","P2","D3-Healthcare","EP0057-P01|DEST:D3-Healthcare|TASK:E3-T01","Healthcare","UNASSIGNED","UNASSIGNED",3.000,4,False,False,False,False,True,True,"H1:9.333:0.050:13.500|H2:-4.200:0.050:-13.500|H3:-24.000:0.050:-15.000|H4:4.200:0.050:13.500|H5:8.400:0.050:10.000","H1:0.000:0.000:0.000|H2:0.000:0.000:0.000|H3:0.000:0.000:0.000|H4:0.000:0.000:0.000|H5:0.000:0.000:0.000","F1:-14.000:0.050:0.000|F2:0.000:0.050:-12.000","F1:0.000:0.000:0.000|F2:0.000:0.000:0.000","9.333:0.050:13.500","0.000:0.000:0.000","-4.200:0.050:-13.500","0.000:0.000:0.000","-24.000:0.050:-15.000","0.000:0.000:0.000","4.200:0.050:13.500","0.000:0.000:0.000","8.400:0.050:10.000","0.000:0.000:0.000","-14.000:0.050:0.000","0.000:0.000:0.000","0.000:0.050:-12.000","0.000:0.000:0.000",99.982,"Nominal",0.000,1,"NavigateToSource:Forward",False,True,True,True,True,True,"H1:0.929|H2:0.929|H3:0.929|H4:0.929|H5:0.929|F1:0.929|F2:0.929","H1:0.000|H2:0.000|H3:0.000|H4:0.000|H5:0.000|F1:0.000|F2:0.000","H1:VALID|H2:VALID|H3:VALID|H4:VALID|H5:VALID|F1:VALID|F2:VALID","H1:H1 rack picking and carton handoff:Load / inspect at source:load=False:handoffs=0|H2:H2 cross-aisle carton transfer:Load / inspect at source:load=False:handoffs=0|H3:H3 station scan and dispatch verification:Load / inspect at source:load=False:handoffs=0|H4:H4 trolley supply transfer:Load / inspect at source:load=False:handoffs=0|H5:H5 rack inspection and replenishment:Load / inspect at source:load=False:handoffs=0|F1:F1 inbound pallet replenishment:Load / inspect at source:load=False:handoffs=0|F2:F2 outbound pallet dispatch:Load / inspect at source:load=False:handoffs=0","0.929",True,True
1.0302,8,57,9,3.1304,9.9946,9.9993,5.8453,180,1,"Charging Cabinet:23.09:0.71:-12.58",-0.0735,0.0443,0.9930,-0.0162,0.0093,-0.0169,0.0051,0.0300,0.2016,1.1880,23.9797,-16.0808,0.6743,0.6948,False,False,"Parcel_1","24.806:1.050:-15.504","P2","D3-Healthcare","EP0057-P01|DEST:D3-Healthcare|TASK:E3-T01","Healthcare","UNASSIGNED","UNASSIGNED",3.000,4,False,False,False,False,True,True,"H1:9.333:0.050:13.500|H2:-4.200:0.050:-13.500|H3:-24.000:0.050:-15.000|H4:4.200:0.050:13.500|H5:8.400:0.050:10.000","H1:0.000:0.000:0.000|H2:0.000:0.000:0.000|H3:0.000:0.000:0.000|H4:0.000:0.000:0.000|H5:0.000:0.000:0.000","F1:-14.000:0.050:0.000|F2:0.000:0.050:-12.000","F1:0.000:0.000:0.000|F2:0.000:0.000:0.000","9.333:0.050:13.500","0.000:0.000:0.000","-4.200:0.050:-13.500","0.000:0.000:0.000","-24.000:0.050:-15.000","0.000:0.000:0.000","4.200:0.050:13.500","0.000:0.000:0.000","8.400:0.050:10.000","0.000:0.000:0.000","-14.000:0.050:0.000","0.000:0.000:0.000","0.000:0.050:-12.000","0.000:0.000:0.000",99.980,"Nominal",0.000,1,"NavigateToSource:Forward",False,True,True,True,True,True,"H1:1.030|H2:1.030|H3:1.030|H4:1.030|H5:1.030|F1:1.030|F2:1.030","H1:0.000|H2:0.000|H3:0.000|H4:0.000|H5:0.000|F1:0.000|F2:0.000","H1:VALID|H2:VALID|H3:VALID|H4:VALID|H5:VALID|F1:VALID|F2:VALID","H1:H1 rack picking and carton handoff:Load / inspect at source:load=False:handoffs=0|H2:H2 cross-aisle carton transfer:Load / inspect at source:load=False:handoffs=0|H3:H3 station scan and dispatch verification:Load / inspect at source:load=False:handoffs=0|H4:H4 trolley supply transfer:Load / inspect at source:load=False:handoffs=0|H5:H5 rack inspection and replenishment:Load / inspect at source:load=False:handoffs=0|F1:F1 inbound pallet replenishment:Load / inspect at source:load=False:handoffs=0|F2:F2 outbound pallet dispatch:Load / inspect at source:load=False:handoffs=0","1.030",True,True
1.1459,8,57,10,3.0075,10.0000,9.9732,5.8313,180,1,"Charging Cabinet:23.08:0.66:-12.54",0.0430,-0.0293,1.3200,0.0238,-0.0003,0.0249,0.0283,0.0347,1.2134,1.4892,23.9788,-15.9780,-0.2383,1.3513,False,False,"Parcel_1","24.806:1.050:-15.504","P2","D3-Healthcare","EP0057-P01|DEST:D3-Healthcare|TASK:E3-T01","Healthcare","UNASSIGNED","UNASSIGNED",3.000,4,False,False,False,False,True,True,"H1:9.333:0.050:13.500|H2:-4.200:0.050:-13.500|H3:-24.000:0.050:-15.000|H4:4.200:0.050:13.500|H5:8.400:0.050:10.000","H1:0.000:0.000:0.000|H2:0.000:0.000:0.000|H3:0.000:0.000:0.000|H4:0.000:0.000:0.000|H5:0.000:0.000:0.000","F1:-14.000:0.050:0.000|F2:0.000:0.050:-12.000","F1:0.000:0.000:0.000|F2:0.000:0.000:0.000","9.333:0.050:13.500","0.000:0.000:0.000","-4.200:0.050:-13.500","0.000:0.000:0.000","-24.000:0.050:-15.000","0.000:0.000:0.000","4.200:0.050:13.500","0.000:0.000:0.000","8.400:0.050:10.000","0.000:0.000:0.000","-14.000:0.050:0.000","0.000:0.000:0.000","0.000:0.050:-12.000","0.000:0.000:0.000",99.978,"Nominal",0.000,1,"NavigateToSource:Forward",False,True,True,True,True,True,"H1:1.146|H2:1.146|H3:1.146|H4:1.146|H5:1.146|F1:1.146|F2:1.146","H1:0.000|H2:0.000|H3:0.000|H4:0.000|H5:0.000|F1:0.000|F2:0.000","H1:VALID|H2:VALID|H3:VALID|H4:VALID|H5:VALID|F1:VALID|F2:VALID","H1:H1 rack picking and carton handoff:Load / inspect at source:load=False:handoffs=0|H2:H2 cross-aisle carton transfer:Load / inspect at source:load=False:handoffs=0|H3:H3 station scan and dispatch verification:Load / inspect at source:load=False:handoffs=0|H4:H4 trolley supply transfer:Load / inspect at source:load=False:handoffs=0|H5:H5 rack inspection and replenishment:Load / inspect at source:load=False:handoffs=0|F1:F1 inbound pallet replenishment:Load / inspect at source:load=False:handoffs=0|F2:F2 outbound pallet dispatch:Load / inspect at source:load=False:handoffs=0","1.146",True,True
1.3190,8,57,11,2.8479,10.0000,10.0000,5.8621,180,1,"Charging Cabinet:23.07:0.67:-12.57",0.0518,-0.0080,0.4426,-0.0213,-0.0267,0.0205,0.1223,0.1253,1.2048,1.2335,23.9673,-15.7659,-3.2379,1.2192,False,False,"Parcel_1","24.806:1.050:-15.504","P2","D3-Healthcare","EP0057-P01|DEST:D3-Healthcare|TASK:E3-T01","Healthcare","UNASSIGNED","UNASSIGNED",3.000,4,False,False,False,False,True,True,"H1:9.333:0.050:13.500|H2:-4.200:0.050:-13.500|H3:-24.000:0.050:-15.000|H4:4.200:0.050:13.500|H5:8.400:0.050:10.000","H1:0.000:0.000:0.000|H2:0.000:0.000:0.000|H3:0.000:0.000:0.000|H4:0.000:0.000:0.000|H5:0.000:0.000:0.000","F1:-14.000:0.050:0.000|F2:0.000:0.050:-12.000","F1:0.000:0.000:0.000|F2:0.000:0.000:0.000","9.333:0.050:13.500","0.000:0.000:0.000","-4.200:0.050:-13.500","0.000:0.000:0.000","-24.000:0.050:-15.000","0.000:0.000:0.000","4.200:0.050:13.500","0.000:0.000:0.000","8.400:0.050:10.000","0.000:0.000:0.000","-14.000:0.050:0.000","0.000:0.000:0.000","0.000:0.050:-12.000","0.000:0.000:0.000",99.976,"Nominal",0.000,1,"NavigateToSource:Forward",False,True,True,True,True,True,"H1:1.319|H2:1.319|H3:1.319|H4:1.319|H5:1.319|F1:1.319|F2:1.319","H1:0.000|H2:0.000|H3:0.000|H4:0.000|H5:0.000|F1:0.000|F2:0.000","H1:VALID|H2:VALID|H3:VALID|H4:VALID|H5:VALID|F1:VALID|F2:VALID","H1:H1 rack picking and carton handoff:Load / inspect at source:load=False:handoffs=0|H2:H2 cross-aisle carton transfer:Load / inspect at source:load=False:handoffs=0|H3:H3 station scan and dispatch verification:Load / inspect at source:load=False:handoffs=0|H4:H4 trolley supply transfer:Load / inspect at source:load=False:handoffs=0|H5:H5 rack inspection and replenishment:Load / inspect at source:load=False:handoffs=0|F1:F1 inbound pallet replenishment:Load / inspect at source:load=False:handoffs=0|F2:F2 outbound pallet dispatch:Load / inspect at source:load=False:handoffs=0","1.319",True,True
1.4330,8,57,12,2.7128,10.0000,9.9532,5.8233,180,1,"Charging Cabinet:23.09:0.67:-12.58",-0.0002,-0.0294,0.9578,0.0198,0.0143,-0.0184,0.0132,0.0316,0.5094,1.2198,23.9593,-15.6440,-2.4391,0.8646,False,False,"Parcel_1","24.806:1.050:-15.504","P2","D3-Healthcare","EP0057-P01|DEST:D3-Healthcare|TASK:E3-T01","Healthcare","UNASSIGNED","UNASSIGNED",3.000,4,False,False,False,False,True,True,"H1:9.333:0.050:13.500|H2:-4.200:0.050:-13.500|H3:-24.000:0.050:-15.000|H4:4.200:0.050:13.500|H5:8.400:0.050:10.000","H1:0.000:0.000:0.000|H2:0.000:0.000:0.000|H3:0.000:0.000:0.000|H4:0.000:0.000:0.000|H5:0.000:0.000:0.000","F1:-14.000:0.050:0.000|F2:0.000:0.050:-12.000","F1:0.000:0.000:0.000|F2:0.000:0.000:0.000","9.333:0.050:13.500","0.000:0.000:0.000","-4.200:0.050:-13.500","0.000:0.000:0.000","-24.000:0.050:-15.000","0.000:0.000:0.000","4.200:0.050:13.500","0.000:0.000:0.000","8.400:0.050:10.000","0.000:0.000:0.000","-14.000:0.050:0.000","0.000:0.000:0.000","0.000:0.050:-12.000","0.000:0.000:0.000",99.972,"Nominal",0.000,1,"NavigateToSource:Forward",False,True,True,True,True,True,"H1:1.433|H2:1.433|H3:1.433|H4:1.433|H5:1.433|F1:1.433|F2:1.433","H1:0.000|H2:0.000|H3:0.000|H4:0.000|H5:0.000|F1:0.000|F2:0.000","H1:VALID|H2:VALID|H3:VALID|H4:VALID|H5:VALID|F1:VALID|F2:VALID","H1:H1 rack picking and carton handoff:Load / inspect at source:load=False:handoffs=0|H2:H2 cross-aisle carton transfer:Load / inspect at source:load=False:handoffs=0|H3:H3 station scan and dispatch verification:Load / inspect at source:load=False:handoffs=0|H4:H4 trolley supply transfer:Load / inspect at source:load=False:handoffs=0|H5:H5 rack inspection and replenishment:Load / inspect at source:load=False:handoffs=0|F1:F1 inbound pallet replenishment:Load / inspect at source:load=False:handoffs=0|F2:F2 outbound pallet dispatch:Load / inspect at source:load=False:handoffs=0","1.433",True,True
1.5464,8,57,13,2.5564,9.9964,9.9742,5.8729,180,1,"Charging Cabinet:23.12:0.71:-12.54",0.0143,0.0168,-1.5321,0.0100,0.0275,0.0095,0.0388,0.0341,1.7152,1.5039,23.9555,-15.4745,-3.5023,1.6095,False,False,"Parcel_1","24.806:1.050:-15.504","P2","D3-Healthcare","EP0057-P01|DEST:D3-Healthcare|TASK:E3-T01","Healthcare","UNASSIGNED","UNASSIGNED",3.000,4,False,False,False,False,True,True,"H1:9.333:0.050:13.500|H2:-4.200:0.050:-13.500|H3:-24.000:0.050:-15.000|H4:4.200:0.050:13.500|H5:8.400:0.050:10.000","H1:0.000:0.000:0.000|H2:0.000:0.000:0.000|H3:0.000:0.000:0.000|H4:0.000:0.000:0.000|H5:0.000:0.000:0.000","F1:-14.000:0.050:0.000|F2:0.000:0.050:-12.000","F1:0.000:0.000:0.000|F2:0.000:0.000:0.000","9.333:0.050:13.500","0.000:0.000:0.000","-4.200:0.050:-13.500","0.000:0.000:0.000","-24.000:0.050:-15.000","0.000:0.000:0.000","4.200:0.050:13.500","0.000:0.000:0.000","8.400:0.050:10.000","0.000:0.000:0.000","-14.000:0.050:0.000","0.000:0.000:0.000","0.000:0.050:-12.000","0.000:0.000:0.000",99.970,"Nominal",0.000,1,"NavigateToSource:Forward",False,True,True,True,True,True,"H1:1.546|H2:1.546|H3:1.546|H4:1.546|H5:1.546|F1:1.546|F2:1.546","H1:0.000|H2:0.000|H3:0.000|H4:0.000|H5:0.000|F1:0.000|F2:0.000","H1:VALID|H2:VALID|H3:VALID|H4:VALID|H5:VALID|F1:VALID|F2:VALID","H1:H1 rack picking and carton handoff:Load / inspect at source:load=False:handoffs=0|H2:H2 cross-aisle carton transfer:Load / inspect at source:load=False:handoffs=0|H3:H3 station scan and dispatch verification:Load / inspect at source:load=False:handoffs=0|H4:H4 trolley supply transfer:Load / inspect at source:load=False:handoffs=0|H5:H5 rack inspection and replenishment:Load / inspect at source:load=False:handoffs=0|F1:F1 inbound pallet replenishment:Load / inspect at source:load=False:handoffs=0|F2:F2 outbound pallet dispatch:Load / inspect at source:load=False:handoffs=0","1.546",True,True
1.6682,8,57,14,2.5577,9.7214,9.9947,6.8674,180,2,"Charging Cabinet:23.09:0.67:-12.56|Human(Clone):8.44:0.04:10.00",0.0793,-0.1024,-1.8004,0.0039,6.5167,0.0118,0.0013,0.0591,0.0530,2.4528,23.9729,-15.3344,29.0935,1.2529,False,False,"Parcel_1","24.806:1.050:-15.504","P2","D3-Healthcare","EP0057-P01|DEST:D3-Healthcare|TASK:E3-T01","Healthcare","UNASSIGNED","UNASSIGNED",3.000,4,False,False,False,False,True,True,"H1:9.333:0.050:13.500|H2:-4.200:0.050:-13.500|H3:-24.000:0.050:-15.000|H4:4.200:0.050:13.500|H5:8.400:0.050:10.000","H1:0.000:0.000:0.000|H2:0.000:0.000:0.000|H3:0.000:0.000:0.000|H4:0.000:0.000:0.000|H5:0.000:0.000:0.000","F1:-14.000:0.050:0.000|F2:0.000:0.050:-12.000","F1:0.000:0.000:0.000|F2:0.000:0.000:0.000","9.333:0.050:13.500","0.000:0.000:0.000","-4.200:0.050:-13.500","0.000:0.000:0.000","-24.000:0.050:-15.000","0.000:0.000:0.000","4.200:0.050:13.500","0.000:0.000:0.000","8.400:0.050:10.000","0.000:0.000:0.000","-14.000:0.050:0.000","0.000:0.000:0.000","0.000:0.050:-12.000","0.000:0.000:0.000",99.967,"Nominal",0.000,1,"AlignAtSource:Wait",False,True,True,True,True,True,"H1:1.668|H2:1.668|H3:1.668|H4:1.668|H5:1.668|F1:1.668|F2:1.668","H1:0.000|H2:0.000|H3:0.000|H4:0.000|H5:0.000|F1:0.000|F2:0.000","H1:VALID|H2:VALID|H3:VALID|H4:VALID|H5:VALID|F1:VALID|F2:VALID","H1:H1 rack picking and carton handoff:Load / inspect at source:load=False:handoffs=0|H2:H2 cross-aisle carton transfer:Load / inspect at source:load=False:handoffs=0|H3:H3 station scan and dispatch verification:Load / inspect at source:load=False:handoffs=0|H4:H4 trolley supply transfer:Load / inspect at source:load=False:handoffs=0|H5:H5 rack inspection and replenishment:Load / inspect at source:load=False:handoffs=0|F1:F1 inbound pallet replenishment:Load / inspect at source:load=False:handoffs=0|F2:F2 outbound pallet dispatch:Load / inspect at source:load=False:handoffs=0","1.668",True,True
1.7785,8,57,15,2.6826,5.8211,9.9941,5.0097,180,0,"",-0.0645,-0.0330,-1.6125,0.0211,3.9833,0.0333,-0.0095,0.0433,-0.4309,1.9620,24.0644,-15.2621,67.2181,0.7656,False,False,"Parcel_1","24.806:1.050:-15.504","P2","D3-Healthcare","EP0057-P01|DEST:D3-Healthcare|TASK:E3-T01","Healthcare","UNASSIGNED","UNASSIGNED",3.000,4,False,False,False,False,True,True,"H1:9.333:0.050:13.500|H2:-4.200:0.050:-13.500|H3:-24.000:0.050:-15.000|H4:4.200:0.050:13.500|H5:8.400:0.050:10.000","H1:0.000:0.000:0.000|H2:0.000:0.000:0.000|H3:0.000:0.000:0.000|H4:0.000:0.000:0.000|H5:0.000:0.000:0.000","F1:-14.000:0.050:0.000|F2:0.000:0.050:-12.000","F1:0.000:0.000:0.000|F2:0.000:0.000:0.000","9.333:0.050:13.500","0.000:0.000:0.000","-4.200:0.050:-13.500","0.000:0.000:0.000","-24.000:0.050:-15.000","0.000:0.000:0.000","4.200:0.050:13.500","0.000:0.000:0.000","8.400:0.050:10.000","0.000:0.000:0.000","-14.000:0.050:0.000","0.000:0.000:0.000","0.000:0.050:-12.000","0.000:0.000:0.000",99.965,"Nominal",0.000,1,"AlignAtSource:Wait",False,True,True,True,True,True,"H1:1.778|H2:1.778|H3:1.778|H4:1.778|H5:1.778|F1:1.778|F2:1.778","H1:0.000|H2:0.000|H3:0.000|H4:0.000|H5:0.000|F1:0.000|F2:0.000","H1:VALID|H2:VALID|H3:VALID|H4:VALID|H5:VALID|F1:VALID|F2:VALID","H1:H1 rack picking and carton handoff:Load / inspect at source:load=False:handoffs=0|H2:H2 cross-aisle carton transfer:Load / inspect at source:load=False:handoffs=0|H3:H3 station scan and dispatch verification:Load / inspect at source:load=False:handoffs=0|H4:H4 trolley supply transfer:Load / inspect at source:load=False:handoffs=0|H5:H5 rack inspection and replenishment:Load / inspect at source:load=False:handoffs=0|F1:F1 inbound pallet replenishment:Load / inspect at source:load=False:handoffs=0|F2:F2 outbound pallet dispatch:Load / inspect at source:load=False:handoffs=0","1.778",True,True
1.8975,8,57,16,2.6976,5.5048,9.9698,4.6964,180,0,"",0.1102,-0.0572,-1.2527,0.0048,2.0998,-0.0025,0.0184,0.0485,0.4656,1.2251,24.1587,-15.2506,88.9120,0.8453,False,False,"Parcel_1","24.806:1.050:-15.504","P2","D3-Healthcare","EP0057-P01|DEST:D3-Healthcare|TASK:E3-T01","Healthcare","UNASSIGNED","UNASSIGNED",3.000,4,False,False,False,False,True,True,"H1:9.333:0.050:13.500|H2:-4.200:0.050:-13.500|H3:-24.000:0.050:-15.000|H4:4.200:0.050:13.500|H5:8.400:0.050:10.000","H1:0.000:0.000:0.000|H2:0.000:0.000:0.000|H3:0.000:0.000:0.000|H4:0.000:0.000:0.000|H5:0.000:0.000:0.000","F1:-14.000:0.050:0.000|F2:0.000:0.050:-12.000","F1:0.000:0.000:0.000|F2:0.000:0.000:0.000","9.333:0.050:13.500","0.000:0.000:0.000","-4.200:0.050:-13.500","0.000:0.000:0.000","-24.000:0.050:-15.000","0.000:0.000:0.000","4.200:0.050:13.500","0.000:0.000:0.000","8.400:0.050:10.000","0.000:0.000:0.000","-14.000:0.050:0.000","0.000:0.000:0.000","0.000:0.050:-12.000","0.000:0.000:0.000",99.962,"Nominal",0.000,1,"AlignAtSource:Wait",False,True,True,True,True,True,"H1:1.898|H2:1.898|H3:1.898|H4:1.898|H5:1.898|F1:1.898|F2:1.898","H1:0.000|H2:0.000|H3:0.000|H4:0.000|H5:0.000|F1:0.000|F2:0.000","H1:VALID|H2:VALID|H3:VALID|H4:VALID|H5:VALID|F1:VALID|F2:VALID","H1:H1 rack picking and carton handoff:Load / inspect at source:load=False:handoffs=0|H2:H2 cross-aisle carton transfer:Load / inspect at source:load=False:handoffs=0|H3:H3 station scan and dispatch verification:Load / inspect at source:load=False:handoffs=0|H4:H4 trolley supply transfer:Load / inspect at source:load=False:handoffs=0|H5:H5 rack inspection and replenishment:Load / inspect at source:load=False:handoffs=0|F1:F1 inbound pallet replenishment:Load / inspect at source:load=False:handoffs=0|F2:F2 outbound pallet dispatch:Load / inspect at source:load=False:handoffs=0","1.898",True,True
1.9978,8,57,17,2.6574,5.5464,10.0000,4.7687,180,0,"",0.0483,-0.0637,-1.2281,0.0240,1.2723,0.0413,-0.0035,0.0306,-0.0863,0.7574,24.2056,-15.2498,93.2206,0.3355,False,False,"Parcel_1","24.806:1.050:-15.504","P2","D3-Healthcare","EP0057-P01|DEST:D3-Healthcare|TASK:E3-T01","Healthcare","UNASSIGNED","UNASSIGNED",3.000,4,False,False,False,False,True,True,"H1:9.333:0.050:13.500|H2:-4.200:0.050:-13.500|H3:-24.000:0.050:-15.000|H4:4.200:0.050:13.500|H5:8.400:0.050:10.000","H1:0.000:0.000:0.000|H2:0.000:0.000:0.000|H3:0.000:0.000:0.000|H4:0.000:0.000:0.000|H5:0.000:0.000:0.000","F1:-14.000:0.050:0.000|F2:0.000:0.050:-12.000","F1:0.000:0.000:0.000|F2:0.000:0.000:0.000","9.333:0.050:13.500","0.000:0.000:0.000","-4.200:0.050:-13.500","0.000:0.000:0.000","-24.000:0.050:-15.000","0.000:0.000:0.000","4.200:0.050:13.500","0.000:0.000:0.000","8.400:0.050:10.000","0.000:0.000:0.000","-14.000:0.050:0.000","0.000:0.000:0.000","0.000:0.050:-12.000","0.000:0.000:0.000",99.960,"Nominal",0.000,1,"AlignAtSource:Wait",False,True,True,True,True,True,"H1:1.998|H2:1.998|H3:1.998|H4:1.998|H5:1.998|F1:1.998|F2:1.998","H1:0.000|H2:0.000|H3:0.000|H4:0.000|H5:0.000|F1:0.000|F2:0.000","H1:VALID|H2:VALID|H3:VALID|H4:VALID|H5:VALID|F1:VALID|F2:VALID","H1:H1 rack picking and carton handoff:Load / inspect at source:load=False:handoffs=0|H2:H2 cross-aisle carton transfer:Load / inspect at source:load=False:handoffs=0|H3:H3 station scan and dispatch verification:Load / inspect at source:load=False:handoffs=0|H4:H4 trolley supply transfer:Load / inspect at source:load=False:handoffs=0|H5:H5 rack inspection and replenishment:Load / inspect at source:load=False:handoffs=0|F1:F1 inbound pallet replenishment:Load / inspect at source:load=False:handoffs=0|F2:F2 outbound pallet dispatch:Load / inspect at source:load=False:handoffs=0","1.998",True,True
2.1115,8,57,18,2.6538,5.5677,9.9731,4.8126,180,1,"Parcel_EP0057-P01|DEST:D3-Healthcare|TASK:E3-T01_Healthcare:24.79:1.07:-15.49",-0.0579,-0.0979,-1.5829,0.0039,-1.5773,0.0502,0.0025,0.0121,0.1224,0.5823,24.2605,-15.2525,91.6143,0.3523,False,False,"Parcel_1","24.806:1.050:-15.504","P2","D3-Healthcare","EP0057-P01|DEST:D3-Healthcare|TASK:E3-T01","Healthcare","UNASSIGNED","UNASSIGNED",3.000,4,False,False,False,False,True,True,"H1:9.333:0.050:13.500|H2:-4.200:0.050:-13.500|H3:-24.000:0.050:-15.000|H4:4.200:0.050:13.500|H5:8.400:0.050:10.000","H1:0.000:0.000:0.000|H2:0.000:0.000:0.000|H3:0.000:0.000:0.000|H4:0.000:0.000:0.000|H5:0.000:0.000:0.000","F1:-14.000:0.050:0.000|F2:0.000:0.050:-12.000","F1:0.000:0.000:0.000|F2:0.000:0.000:0.000","9.333:0.050:13.500","0.000:0.000:0.000","-4.200:0.050:-13.500","0.000:0.000:0.000","-24.000:0.050:-15.000","0.000:0.000:0.000","4.200:0.050:13.500","0.000:0.000:0.000","8.400:0.050:10.000","0.000:0.000:0.000","-14.000:0.050:0.000","0.000:0.000:0.000","0.000:0.050:-12.000","0.000:0.000:0.000",99.958,"Nominal",0.000,1,"ScanBarcode:Wait",False,True,True,True,True,True,"H1:2.111|H2:2.111|H3:2.111|H4:2.111|H5:2.111|F1:2.111|F2:2.111","H1:0.000|H2:0.000|H3:0.000|H4:0.000|H5:0.000|F1:0.000|F2:0.000","H1:VALID|H2:VALID|H3:VALID|H4:VALID|H5:VALID|F1:VALID|F2:VALID","H1:H1 rack picking and carton handoff:Load / inspect at source:load=False:handoffs=0|H2:H2 cross-aisle carton transfer:Load / inspect at source:load=False:handoffs=0|H3:H3 station scan and dispatch verification:Load / inspect at source:load=False:handoffs=0|H4:H4 trolley supply transfer:Load / inspect at source:load=False:handoffs=0|H5:H5 rack inspection and replenishment:Load / inspect at source:load=False:handoffs=0|F1:F1 inbound pallet replenishment:Load / inspect at source:load=False:handoffs=0|F2:F2 outbound pallet dispatch:Load / inspect at source:load=False:handoffs=0","2.111",True,True
2.2271,8,57,19,2.5434,5.4892,9.9932,4.8756,180,0,"",-0.0447,0.0230,-1.8641,-0.0123,-1.6243,-0.0020,0.0255,-0.0022,0.6590,-0.0581,24.3050,-15.2494,82.1808,0.3005,False,False,"Parcel_1","24.806:1.050:-15.504","P2","D3-Healthcare","EP0057-P01|DEST:D3-Healthcare|TASK:E3-T01","Healthcare","UNASSIGNED","UNASSIGNED",3.000,4,False,False,False,False,True,True,"H1:9.333:0.050:13.500|H2:-4.200:0.050:-13.500|H3:-24.000:0.050:-15.000|H4:4.200:0.050:13.500|H5:8.400:0.050:10.000","H1:0.000:0.000:0.000|H2:0.000:0.000:0.000|H3:0.000:0.000:0.000|H4:0.000:0.000:0.000|H5:0.000:0.000:0.000","F1:-14.000:0.050:0.000|F2:0.000:0.050:-12.000","F1:0.000:0.000:0.000|F2:0.000:0.000:0.000","9.333:0.050:13.500","0.000:0.000:0.000","-4.200:0.050:-13.500","0.000:0.000:0.000","-24.000:0.050:-15.000","0.000:0.000:0.000","4.200:0.050:13.500","0.000:0.000:0.000","8.400:0.050:10.000","0.000:0.000:0.000","-14.000:0.050:0.000","0.000:0.000:0.000","0.000:0.050:-12.000","0.000:0.000:0.000",99.956,"Nominal",0.000,1,"ScanBarcode:Wait",False,True,True,True,True,True,"H1:2.227|H2:2.227|H3:2.227|H4:2.227|H5:2.227|F1:2.227|F2:2.227","H1:0.000|H2:0.000|H3:0.000|H4:0.000|H5:0.000|F1:0.000|F2:0.000","H1:VALID|H2:VALID|H3:VALID|H4:VALID|H5:VALID|F1:VALID|F2:VALID","H1:H1 rack picking and carton handoff:Load / inspect at source:load=False:handoffs=0|H2:H2 cross-aisle carton transfer:Load / inspect at source:load=False:handoffs=0|H3:H3 station scan and dispatch verification:Load / inspect at source:load=False:handoffs=0|H4:H4 trolley supply transfer:Load / inspect at source:load=False:handoffs=0|H5:H5 rack inspection and replenishment:Load / inspect at source:load=False:handoffs=0|F1:F1 inbound pallet replenishment:Load / inspect at source:load=False:handoffs=0|F2:F2 outbound pallet dispatch:Load / inspect at source:load=False:handoffs=0","2.227",True,True
2.3357,8,57,20,2.5360,5.5221,10.0000,4.9026,180,0,"",-0.0480,0.1554,-1.1758,0.0120,0.0100,-0.0177,0.0125,-0.0031,0.3457,-0.0850,24.3193,-15.2459,74.6496,0.1304,False,False,"Parcel_1","24.806:1.050:-15.504","P2","D3-Healthcare","EP0057-P01|DEST:D3-Healthcare|TASK:E3-T01","Healthcare","UNASSIGNED","UNASSIGNED",3.000,4,False,False,False,False,True,True,"H1:9.333:0.050:13.500|H2:-4.200:0.050:-13.500|H3:-24.000:0.050:-15.000|H4:4.200:0.050:13.500|H5:8.400:0.050:10.000","H1:0.000:0.000:0.000|H2:0.000:0.000:0.000|H3:0.000:0.000:0.000|H4:0.000:0.000:0.000|H5:0.000:0.000:0.000","F1:-14.000:0.050:0.000|F2:0.000:0.050:-12.000","F1:0.000:0.000:0.000|F2:0.000:0.000:0.000","9.333:0.050:13.500","0.000:0.000:0.000","-4.200:0.050:-13.500","0.000:0.000:0.000","-24.000:0.050:-15.000","0.000:0.000:0.000","4.200:0.050:13.500","0.000:0.000:0.000","8.400:0.050:10.000","0.000:0.000:0.000","-14.000:0.050:0.000","0.000:0.000:0.000","0.000:0.050:-12.000","0.000:0.000:0.000",99.954,"Nominal",0.000,1,"ScanBarcode:Wait",False,True,True,True,True,True,"H1:2.336|H2:2.336|H3:2.336|H4:2.336|H5:2.336|F1:2.336|F2:2.336","H1:0.000|H2:0.000|H3:0.000|H4:0.000|H5:0.000|F1:0.000|F2:0.000","H1:VALID|H2:VALID|H3:VALID|H4:VALID|H5:VALID|F1:VALID|F2:VALID","H1:H1 rack picking and carton handoff:Load / inspect at source:load=False:handoffs=0|H2:H2 cross-aisle carton transfer:Load / inspect at source:load=False:handoffs=0|H3:H3 station scan and dispatch verification:Load / inspect at source:load=False:handoffs=0|H4:H4 trolley supply transfer:Load / inspect at source:load=False:handoffs=0|H5:H5 rack inspection and replenishment:Load / inspect at source:load=False:handoffs=0|F1:F1 inbound pallet replenishment:Load / inspect at source:load=False:handoffs=0|F2:F2 outbound pallet dispatch:Load / inspect at source:load=False:handoffs=0","2.336",True,True
2.3545,8,57,21,2.5360,5.5221,10.0000,4.9026,180,0,"",0.0344,0.0185,-0.0141,0.0159,0.0109,0.0304,-0.0057,-0.0203,-0.1590,-0.5626,24.3069,-15.2498,72.5669,-0.3608,False,False,"Parcel_1","24.806:1.050:-15.504","P2","D3-Healthcare","EP0057-P01|DEST:D3-Healthcare|TASK:E3-T01","Healthcare","UNASSIGNED","UNASSIGNED",3.000,4,False,False,False,False,True,True,"H1:9.333:0.050:13.500|H2:-4.200:0.050:-13.500|H3:-24.000:0.050:-15.000|H4:4.200:0.050:13.500|H5:8.400:0.050:10.000","H1:0.000:0.000:0.000|H2:0.000:0.000:0.000|H3:0.000:0.000:0.000|H4:0.000:0.000:0.000|H5:0.000:0.000:0.000","F1:-14.000:0.050:0.000|F2:0.000:0.050:-12.000","F1:0.000:0.000:0.000|F2:0.000:0.000:0.000","9.333:0.050:13.500","0.000:0.000:0.000","-4.200:0.050:-13.500","0.000:0.000:0.000","-24.000:0.050:-15.000","0.000:0.000:0.000","4.200:0.050:13.500","0.000:0.000:0.000","8.400:0.050:10.000","0.000:0.000:0.000","-14.000:0.050:0.000","0.000:0.000:0.000","0.000:0.050:-12.000","0.000:0.000:0.000",99.953,"Nominal",0.000,1,"Complete:Wait",False,True,True,True,True,True,"H1:2.355|H2:2.355|H3:2.355|H4:2.355|H5:2.355|F1:2.355|F2:2.355","H1:0.000|H2:0.000|H3:0.000|H4:0.000|H5:0.000|F1:0.000|F2:0.000","H1:VALID|H2:VALID|H3:VALID|H4:VALID|H5:VALID|F1:VALID|F2:VALID","H1:H1 rack picking and carton handoff:Load / inspect at source:load=False:handoffs=0|H2:H2 cross-aisle carton transfer:Load / inspect at source:load=False:handoffs=0|H3:H3 station scan and dispatch verification:Load / inspect at source:load=False:handoffs=0|H4:H4 trolley supply transfer:Load / inspect at source:load=False:handoffs=0|H5:H5 rack inspection and replenishment:Load / inspect at source:load=False:handoffs=0|F1:F1 inbound pallet replenishment:Load / inspect at source:load=False:handoffs=0|F2:F2 outbound pallet dispatch:Load / inspect at source:load=False:handoffs=0","2.355",True,True
