timestamp,scenario_id,episode_id,step_id,stage,progress,selected_action,safety_hold,collision_risk,outcome
0.3635,1,128,1,"NavigateToSource:Forward",0.1500,"Forward",False,0.0000,"WAITING FOR MAJOR UPDATE"
0.5037,1,128,2,"NavigateToSource:Forward",0.1500,"Forward",False,0.0000,"WAITING FOR MAJOR UPDATE"
0.6251,1,128,3,"NavigateToSource:Forward",0.1500,"Forward",False,0.0000,"WAITING FOR MAJOR UPDATE"
0.7508,1,128,4,"NavigateToSource:Forward",0.1500,"Forward",False,0.0000,"WAITING FOR MAJOR UPDATE"
0.8668,1,128,5,"NavigateToSource:Forward",0.1500,"Forward",False,0.0000,"WAITING FOR MAJOR UPDATE"
0.9935,1,128,6,"NavigateToSource:Forward",0.1500,"Forward",False,0.0000,"WAITING FOR MAJOR UPDATE"
1.1253,1,128,7,"NavigateToSource:Forward",0.1500,"Forward",False,0.0000,"WAITING FOR MAJOR UPDATE"
1.2452,1,128,8,"NavigateToSource:Forward",0.1500,"Forward",False,0.0000,"WAITING FOR MAJOR UPDATE"
1.3493,1,128,9,"NavigateToSource:Forward",0.1500,"Forward",False,0.0000,"WAITING FOR MAJOR UPDATE"
1.4675,1,128,10,"NavigateToSource:Forward",0.1500,"Forward",False,0.0000,"WAITING FOR MAJOR UPDATE"
1.5921,1,128,11,"NavigateToSource:Forward",0.1500,"Forward",False,0.0000,"WAITING FOR MAJOR UPDATE"
1.7136,1,128,12,"NavigateToSource:Forward",0.1500,"Forward",False,0.0000,"WAITING FOR MAJOR UPDATE"
1.8303,1,128,13,"NavigateToSource:Forward",0.1500,"Forward",False,0.0000,"WAITING FOR MAJOR UPDATE"
1.9447,1,128,14,"NavigateToSource:Forward",0.1500,"Forward",False,0.0000,"WAITING FOR MAJOR UPDATE"
2.0643,1,128,15,"SAFETY-SHIELDED WAIT AT BLIND CORNER",0.5800,"Wait",True,0.0000,"WAITING FOR MAJOR UPDATE"
2.1910,1,128,16,"SAFETY-SHIELDED WAIT AT BLIND CORNER",0.5800,"Wait",True,0.0000,"WAITING FOR MAJOR UPDATE"
2.3031,1,128,17,"SAFETY-SHIELDED WAIT AT BLIND CORNER",0.5800,"Wait",True,0.0000,"WAITING FOR MAJOR UPDATE"
2.4176,1,128,18,"SAFETY-SHIELDED WAIT AT BLIND CORNER",0.5800,"Wait",True,0.0000,"WAITING FOR MAJOR UPDATE"
2.5380,1,128,19,"SAFETY-SHIELDED WAIT AT BLIND CORNER",0.5800,"Wait",True,0.0000,"WAITING FOR MAJOR UPDATE"
2.6431,1,128,20,"SAFETY-SHIELDED WAIT AT BLIND CORNER",0.5800,"Wait",True,0.0000,"WAITING FOR MAJOR UPDATE"
2.7655,1,128,21,"SAFETY-SHIELDED WAIT AT BLIND CORNER",0.5800,"Wait",True,0.0000,"WAITING FOR MAJOR UPDATE"
2.8839,1,128,22,"SAFETY-SHIELDED WAIT AT BLIND CORNER",0.5800,"Wait",True,0.0000,"WAITING FOR MAJOR UPDATE"
3.0003,1,128,23,"SAFETY-SHIELDED WAIT AT BLIND CORNER",0.5800,"Wait",True,0.0000,"WAITING FOR MAJOR UPDATE"
3.1149,1,128,24,"SAFETY-SHIELDED WAIT AT BLIND CORNER",0.5800,"Wait",True,0.0000,"WAITING FOR MAJOR UPDATE"
3.2330,1,128,25,"SAFETY-SHIELDED WAIT AT BLIND CORNER",0.5800,"Wait",True,0.0000,"WAITING FOR MAJOR UPDATE"
3.3536,1,128,26,"SAFETY-SHIELDED WAIT AT BLIND CORNER",0.5800,"Wait",True,0.0000,"WAITING FOR MAJOR UPDATE"
3.4694,1,128,27,"SAFETY-SHIELDED WAIT AT BLIND CORNER",0.5800,"Wait",True,0.0000,"WAITING FOR MAJOR UPDATE"
3.5914,1,128,28,"SAFETY-SHIELDED WAIT AT BLIND CORNER",0.5800,"Wait",True,0.0000,"WAITING FOR MAJOR UPDATE"
3.7133,1,128,29,"SAFETY-SHIELDED WAIT AT BLIND CORNER",0.5800,"Wait",True,0.0000,"WAITING FOR MAJOR UPDATE"
3.8369,1,128,30,"SAFETY-SHIELDED WAIT AT BLIND CORNER",0.5800,"Wait",True,0.0000,"WAITING FOR MAJOR UPDATE"
3.9578,1,128,31,"SAFETY-SHIELDED WAIT AT BLIND CORNER",0.5800,"Wait",True,0.0000,"WAITING FOR MAJOR UPDATE"
4.0792,1,128,32,"SAFETY-SHIELDED WAIT AT BLIND CORNER",0.5800,"Wait",True,0.0000,"WAITING FOR MAJOR UPDATE"
4.1948,1,128,33,"SAFETY-SHIELDED WAIT AT BLIND CORNER",0.5800,"Wait",True,0.0000,"WAITING FOR MAJOR UPDATE"
4.3175,1,128,34,"SAFETY-SHIELDED WAIT AT BLIND CORNER",0.5800,"Wait",True,0.0000,"WAITING FOR MAJOR UPDATE"
4.4419,1,128,35,"SAFETY-SHIELDED WAIT AT BLIND CORNER",0.5800,"Wait",True,0.0000,"WAITING FOR MAJOR UPDATE"
4.5526,1,128,36,"SAFETY-SHIELDED WAIT AT BLIND CORNER",0.5800,"Wait",True,0.0000,"WAITING FOR MAJOR UPDATE"
4.6592,1,128,37,"SAFETY-SHIELDED WAIT AT BLIND CORNER",0.5800,"Wait",True,0.0000,"WAITING FOR MAJOR UPDATE"
4.7700,1,128,38,"SAFETY-SHIELDED WAIT AT BLIND CORNER",0.5800,"Wait",True,0.0000,"WAITING FOR MAJOR UPDATE"
4.9003,1,128,39,"SAFETY-SHIELDED WAIT AT BLIND CORNER",0.5800,"Wait",True,0.0000,"WAITING FOR MAJOR UPDATE"
5.0185,1,128,40,"SAFETY-SHIELDED WAIT AT BLIND CORNER",0.5800,"Wait",True,0.0000,"WAITING FOR MAJOR UPDATE"
5.1346,1,128,41,"SAFETY-SHIELDED WAIT AT BLIND CORNER",0.5800,"Wait",True,0.0000,"WAITING FOR MAJOR UPDATE"
5.2552,1,128,42,"SAFETY-SHIELDED WAIT AT BLIND CORNER",0.5800,"Wait",True,0.0000,"WAITING FOR MAJOR UPDATE"
5.3718,1,128,43,"SAFETY-SHIELDED WAIT AT BLIND CORNER",0.5800,"Wait",True,0.0000,"WAITING FOR MAJOR UPDATE"
5.4907,1,128,44,"SAFETY-SHIELDED WAIT AT BLIND CORNER",0.5800,"Wait",True,0.0000,"WAITING FOR MAJOR UPDATE"
5.6128,1,128,45,"SAFETY-SHIELDED WAIT AT BLIND CORNER",0.5800,"Wait",True,0.0000,"WAITING FOR MAJOR UPDATE"
5.7162,1,128,46,"SAFETY-SHIELDED WAIT AT BLIND CORNER",0.5800,"Wait",True,0.0000,"WAITING FOR MAJOR UPDATE"
5.8212,1,128,47,"SAFETY-SHIELDED WAIT AT BLIND CORNER",0.5800,"Wait",True,0.0000,"WAITING FOR MAJOR UPDATE"
5.9293,1,128,48,"SAFETY-SHIELDED WAIT AT BLIND CORNER",0.5800,"Wait",True,0.0000,"WAITING FOR MAJOR UPDATE"
6.0607,1,128,49,"SAFETY-SHIELDED WAIT AT BLIND CORNER",0.5800,"Wait",True,0.0000,"WAITING FOR MAJOR UPDATE"
6.1710,1,128,50,"SAFETY-SHIELDED WAIT AT BLIND CORNER",0.5800,"Wait",True,0.0000,"WAITING FOR MAJOR UPDATE"
6.2893,1,128,51,"SAFETY-SHIELDED WAIT AT BLIND CORNER",0.5800,"Wait",True,0.0000,"WAITING FOR MAJOR UPDATE"
6.4074,1,128,52,"SAFETY-SHIELDED WAIT AT BLIND CORNER",0.5800,"Wait",True,0.0000,"WAITING FOR MAJOR UPDATE"
6.5376,1,128,53,"SAFETY-SHIELDED WAIT AT BLIND CORNER",0.5800,"Wait",True,0.0000,"WAITING FOR MAJOR UPDATE"
6.6443,1,128,54,"SAFETY-SHIELDED WAIT AT BLIND CORNER",0.5800,"Wait",True,0.0000,"WAITING FOR MAJOR UPDATE"
6.7499,1,128,55,"SAFETY-SHIELDED WAIT AT BLIND CORNER",0.5800,"Wait",True,0.0000,"WAITING FOR MAJOR UPDATE"
6.8571,1,128,56,"SAFETY-SHIELDED WAIT AT BLIND CORNER",0.5800,"Wait",True,0.0000,"WAITING FOR MAJOR UPDATE"
6.9660,1,128,57,"SAFETY-SHIELDED WAIT AT BLIND CORNER",0.5800,"Wait",True,0.0000,"WAITING FOR MAJOR UPDATE"
7.0866,1,128,58,"SAFETY-SHIELDED WAIT AT BLIND CORNER",0.5800,"Wait",True,0.0000,"WAITING FOR MAJOR UPDATE"
7.2109,1,128,59,"SAFETY-SHIELDED WAIT AT BLIND CORNER",0.5800,"Wait",True,0.0000,"WAITING FOR MAJOR UPDATE"
7.3296,1,128,60,"SAFETY-SHIELDED WAIT AT BLIND CORNER",0.5800,"Wait",True,0.0000,"WAITING FOR MAJOR UPDATE"
7.4526,1,128,61,"SAFETY-SHIELDED WAIT AT BLIND CORNER",0.5800,"Wait",True,0.0000,"WAITING FOR MAJOR UPDATE"
7.5598,1,128,62,"SAFETY-SHIELDED WAIT AT BLIND CORNER",0.5800,"Wait",True,0.0000,"WAITING FOR MAJOR UPDATE"
7.6815,1,128,63,"SAFETY-SHIELDED WAIT AT BLIND CORNER",0.5800,"Wait",True,0.0000,"WAITING FOR MAJOR UPDATE"
7.8030,1,128,64,"SAFETY-SHIELDED WAIT AT BLIND CORNER",0.5800,"Wait",True,0.0000,"WAITING FOR MAJOR UPDATE"
7.9242,1,128,65,"SAFETY-SHIELDED WAIT AT BLIND CORNER",0.5800,"Wait",True,0.0000,"WAITING FOR MAJOR UPDATE"
8.0321,1,128,66,"PPO FORWARD — SAFE TRANSPORT TO D2",0.5800,"Forward",False,0.0000,"WAITING FOR MAJOR UPDATE"
8.1326,1,128,67,"PPO FORWARD — SAFE TRANSPORT TO D2",0.5800,"Forward",False,0.0000,"WAITING FOR MAJOR UPDATE"
8.2603,1,128,68,"PPO FORWARD — SAFE TRANSPORT TO D2",0.5800,"Forward",False,0.0000,"WAITING FOR MAJOR UPDATE"
8.3653,1,128,69,"PPO FORWARD — SAFE TRANSPORT TO D2",0.5800,"Forward",False,0.0000,"WAITING FOR MAJOR UPDATE"
8.4724,1,128,70,"PPO FORWARD — SAFE TRANSPORT TO D2",0.5800,"Forward",False,0.0000,"WAITING FOR MAJOR UPDATE"
8.5941,1,128,71,"PPO FORWARD — SAFE TRANSPORT TO D2",0.5800,"Forward",False,0.0000,"WAITING FOR MAJOR UPDATE"
8.7107,1,128,72,"PPO FORWARD — SAFE TRANSPORT TO D2",0.5800,"Forward",False,0.0000,"WAITING FOR MAJOR UPDATE"
8.8129,1,128,73,"PPO FORWARD — SAFE TRANSPORT TO D2",0.5800,"Forward",False,0.0000,"WAITING FOR MAJOR UPDATE"
8.9207,1,128,74,"PPO FORWARD — SAFE TRANSPORT TO D2",0.5800,"Forward",False,0.0000,"WAITING FOR MAJOR UPDATE"
9.0308,1,128,75,"PPO FORWARD — SAFE TRANSPORT TO D2",0.5800,"Forward",False,0.0000,"WAITING FOR MAJOR UPDATE"
9.1433,1,128,76,"PPO FORWARD — SAFE TRANSPORT TO D2",0.5800,"Forward",False,0.0000,"WAITING FOR MAJOR UPDATE"
9.2525,1,128,77,"PPO FORWARD — SAFE TRANSPORT TO D2",0.5800,"Forward",False,0.0000,"WAITING FOR MAJOR UPDATE"
9.3571,1,128,78,"PPO FORWARD — SAFE TRANSPORT TO D2",0.5800,"Forward",False,0.0000,"WAITING FOR MAJOR UPDATE"
9.4776,1,128,79,"PPO FORWARD — SAFE TRANSPORT TO D2",0.5800,"Forward",False,0.0000,"WAITING FOR MAJOR UPDATE"
9.5808,1,128,80,"PPO FORWARD — SAFE TRANSPORT TO D2",0.5800,"Forward",False,0.0000,"WAITING FOR MAJOR UPDATE"
9.6869,1,128,81,"PPO FORWARD — SAFE TRANSPORT TO D2",0.5800,"Forward",False,0.0000,"WAITING FOR MAJOR UPDATE"
9.7891,1,128,82,"PPO FORWARD — SAFE TRANSPORT TO D2",0.5800,"Forward",False,0.0000,"WAITING FOR MAJOR UPDATE"
9.8909,1,128,83,"PPO FORWARD — SAFE TRANSPORT TO D2",0.5800,"Forward",False,0.0000,"WAITING FOR MAJOR UPDATE"
9.9948,1,128,84,"PPO FORWARD — SAFE TRANSPORT TO D2",0.5800,"Forward",False,0.0000,"WAITING FOR MAJOR UPDATE"
10.1185,1,128,85,"PPO FORWARD — SAFE TRANSPORT TO D2",0.5800,"Forward",False,0.0000,"WAITING FOR MAJOR UPDATE"
10.2392,1,128,86,"PPO FORWARD — SAFE TRANSPORT TO D2",0.5800,"Forward",False,0.0000,"WAITING FOR MAJOR UPDATE"
10.3599,1,128,87,"PPO FORWARD — SAFE TRANSPORT TO D2",0.5800,"Forward",False,0.0000,"WAITING FOR MAJOR UPDATE"
10.4847,1,128,88,"PPO FORWARD — SAFE TRANSPORT TO D2",0.5800,"Forward",False,0.0000,"WAITING FOR MAJOR UPDATE"
10.5892,1,128,89,"PPO FORWARD — SAFE TRANSPORT TO D2",0.5800,"Forward",False,0.0000,"WAITING FOR MAJOR UPDATE"
10.6902,1,128,90,"PPO FORWARD — SAFE TRANSPORT TO D2",0.5800,"Forward",False,0.0000,"WAITING FOR MAJOR UPDATE"
10.8098,1,128,91,"PPO FORWARD — SAFE TRANSPORT TO D2",0.5800,"Forward",False,0.0000,"WAITING FOR MAJOR UPDATE"
10.9321,1,128,92,"PPO FORWARD — SAFE TRANSPORT TO D2",0.5800,"Forward",False,0.0000,"WAITING FOR MAJOR UPDATE"
11.0352,1,128,93,"PPO FORWARD — SAFE TRANSPORT TO D2",0.5800,"Forward",False,0.0000,"WAITING FOR MAJOR UPDATE"
11.1369,1,128,94,"PPO FORWARD — SAFE TRANSPORT TO D2",0.5800,"Forward",False,0.0000,"WAITING FOR MAJOR UPDATE"
11.2371,1,128,95,"PPO FORWARD — SAFE TRANSPORT TO D2",0.5800,"Forward",False,0.0000,"WAITING FOR MAJOR UPDATE"
11.3583,1,128,96,"PPO FORWARD — SAFE TRANSPORT TO D2",0.5800,"Forward",False,0.0000,"WAITING FOR MAJOR UPDATE"
11.4593,1,128,97,"PPO FORWARD — SAFE TRANSPORT TO D2",0.5800,"Forward",False,0.0000,"WAITING FOR MAJOR UPDATE"
11.5823,1,128,98,"PPO FORWARD — SAFE TRANSPORT TO D2",0.5800,"Forward",False,0.0000,"WAITING FOR MAJOR UPDATE"
11.6984,1,128,99,"PPO FORWARD — SAFE TRANSPORT TO D2",0.5800,"Forward",False,0.0000,"WAITING FOR MAJOR UPDATE"
11.8152,1,128,100,"PPO FORWARD — SAFE TRANSPORT TO D2",0.5800,"Forward",False,0.0000,"WAITING FOR MAJOR UPDATE"
11.9548,1,128,101,"PPO FORWARD — SAFE TRANSPORT TO D2",0.5800,"Forward",False,0.0000,"WAITING FOR MAJOR UPDATE"
12.0808,1,128,102,"PPO FORWARD — SAFE TRANSPORT TO D2",0.5800,"Forward",False,0.0000,"WAITING FOR MAJOR UPDATE"
12.1996,1,128,103,"PPO FORWARD — SAFE TRANSPORT TO D2",0.5800,"Forward",False,0.0000,"WAITING FOR MAJOR UPDATE"
12.3189,1,128,104,"PPO FORWARD — SAFE TRANSPORT TO D2",0.5800,"Forward",False,0.0000,"WAITING FOR MAJOR UPDATE"
12.4445,1,128,105,"PPO FORWARD — SAFE TRANSPORT TO D2",0.5800,"Forward",False,0.0000,"WAITING FOR MAJOR UPDATE"
12.5703,1,128,106,"PPO FORWARD — SAFE TRANSPORT TO D2",0.5800,"Forward",False,0.0000,"WAITING FOR MAJOR UPDATE"
12.6876,1,128,107,"PPO FORWARD — SAFE TRANSPORT TO D2",0.5800,"Forward",False,0.0000,"WAITING FOR MAJOR UPDATE"
12.8078,1,128,108,"PPO FORWARD — SAFE TRANSPORT TO D2",0.5800,"Forward",False,0.0000,"WAITING FOR MAJOR UPDATE"
12.9322,1,128,109,"PPO FORWARD — SAFE TRANSPORT TO D2",0.5800,"Forward",False,0.0000,"WAITING FOR MAJOR UPDATE"
13.0478,1,128,110,"PPO FORWARD — SAFE TRANSPORT TO D2",0.5800,"Forward",False,0.0000,"WAITING FOR MAJOR UPDATE"
13.1655,1,128,111,"PPO FORWARD — SAFE TRANSPORT TO D2",0.5800,"Forward",False,0.0000,"WAITING FOR MAJOR UPDATE"
13.2906,1,128,112,"PPO FORWARD — SAFE TRANSPORT TO D2",0.5800,"Forward",False,0.0000,"WAITING FOR MAJOR UPDATE"
13.4091,1,128,113,"PPO FORWARD — SAFE TRANSPORT TO D2",0.5800,"Forward",False,0.0000,"WAITING FOR MAJOR UPDATE"
13.5306,1,128,114,"PPO FORWARD — SAFE TRANSPORT TO D2",0.5800,"Forward",False,0.0000,"WAITING FOR MAJOR UPDATE"
13.6582,1,128,115,"PPO FORWARD — SAFE TRANSPORT TO D2",0.5800,"Forward",False,0.0000,"WAITING FOR MAJOR UPDATE"
13.7658,1,128,116,"PPO FORWARD — SAFE TRANSPORT TO D2",0.5800,"Forward",False,0.0000,"WAITING FOR MAJOR UPDATE"
13.8882,1,128,117,"PPO FORWARD — SAFE TRANSPORT TO D2",0.5800,"Forward",False,0.0000,"WAITING FOR MAJOR UPDATE"
13.9911,1,128,118,"PPO FORWARD — SAFE TRANSPORT TO D2",0.5800,"Forward",False,0.0000,"WAITING FOR MAJOR UPDATE"
14.1040,1,128,119,"PPO FORWARD — SAFE TRANSPORT TO D2",0.5800,"Forward",False,0.0000,"WAITING FOR MAJOR UPDATE"
14.2186,1,128,120,"PPO FORWARD — SAFE TRANSPORT TO D2",0.5800,"Forward",False,0.0000,"WAITING FOR MAJOR UPDATE"
14.3258,1,128,121,"PPO FORWARD — SAFE TRANSPORT TO D2",0.5800,"Forward",False,0.0000,"WAITING FOR MAJOR UPDATE"
14.4347,1,128,122,"PPO FORWARD — SAFE TRANSPORT TO D2",0.5800,"Forward",False,0.0000,"WAITING FOR MAJOR UPDATE"
14.5506,1,128,123,"PPO FORWARD — SAFE TRANSPORT TO D2",0.5800,"Forward",False,0.0000,"WAITING FOR MAJOR UPDATE"
14.6656,1,128,124,"PPO FORWARD — SAFE TRANSPORT TO D2",0.5800,"Forward",False,0.0000,"WAITING FOR MAJOR UPDATE"
14.7662,1,128,125,"PPO FORWARD — SAFE TRANSPORT TO D2",0.5800,"Forward",False,0.0000,"WAITING FOR MAJOR UPDATE"
14.8678,1,128,126,"PPO FORWARD — SAFE TRANSPORT TO D2",0.5800,"Forward",False,0.0000,"WAITING FOR MAJOR UPDATE"
14.9711,1,128,127,"PPO FORWARD — SAFE TRANSPORT TO D2",0.5800,"Forward",False,0.0000,"WAITING FOR MAJOR UPDATE"
15.0957,1,128,128,"PPO FORWARD — SAFE TRANSPORT TO D2",0.5800,"Forward",False,0.0000,"WAITING FOR MAJOR UPDATE"
15.2053,1,128,129,"PPO FORWARD — SAFE TRANSPORT TO D2",0.5800,"Forward",False,0.0000,"WAITING FOR MAJOR UPDATE"
15.3158,1,128,130,"PPO FORWARD — SAFE TRANSPORT TO D2",0.5800,"Forward",False,0.0000,"WAITING FOR MAJOR UPDATE"
15.4247,1,128,131,"PPO FORWARD — SAFE TRANSPORT TO D2",0.5800,"Forward",False,0.0000,"WAITING FOR MAJOR UPDATE"
15.5552,1,128,132,"PPO FORWARD — SAFE TRANSPORT TO D2",0.5800,"Forward",False,0.0000,"WAITING FOR MAJOR UPDATE"
15.6784,1,128,133,"PPO FORWARD — SAFE TRANSPORT TO D2",0.5800,"Forward",False,0.0000,"WAITING FOR MAJOR UPDATE"
15.7804,1,128,134,"PPO FORWARD — SAFE TRANSPORT TO D2",0.5800,"Forward",False,0.0000,"WAITING FOR MAJOR UPDATE"
15.8888,1,128,135,"PPO FORWARD — SAFE TRANSPORT TO D2",0.5800,"Forward",False,0.0000,"WAITING FOR MAJOR UPDATE"
16.0155,1,128,136,"PPO FORWARD — SAFE TRANSPORT TO D2",0.5800,"Forward",False,0.0000,"WAITING FOR MAJOR UPDATE"
16.1356,1,128,137,"PPO FORWARD — SAFE TRANSPORT TO D2",0.5800,"Forward",False,0.0000,"WAITING FOR MAJOR UPDATE"
16.2434,1,128,138,"PPO FORWARD — SAFE TRANSPORT TO D2",0.5800,"Forward",False,0.0000,"WAITING FOR MAJOR UPDATE"
16.3674,1,128,139,"PPO FORWARD — SAFE TRANSPORT TO D2",0.5800,"Forward",False,0.0000,"WAITING FOR MAJOR UPDATE"
16.4745,1,128,140,"PPO FORWARD — SAFE TRANSPORT TO D2",0.5800,"Forward",False,0.0000,"WAITING FOR MAJOR UPDATE"
16.5841,1,128,141,"PPO FORWARD — SAFE TRANSPORT TO D2",0.5800,"Forward",False,0.0000,"WAITING FOR MAJOR UPDATE"
16.6954,1,128,142,"PPO FORWARD — SAFE TRANSPORT TO D2",0.5800,"Forward",False,0.0000,"WAITING FOR MAJOR UPDATE"
16.8006,1,128,143,"PPO FORWARD — SAFE TRANSPORT TO D2",0.5800,"Forward",False,0.0000,"WAITING FOR MAJOR UPDATE"
16.9117,1,128,144,"PPO FORWARD — SAFE TRANSPORT TO D2",0.5800,"Forward",False,0.0000,"WAITING FOR MAJOR UPDATE"
17.0210,1,128,145,"PPO FORWARD — SAFE TRANSPORT TO D2",0.5800,"Forward",False,0.0000,"WAITING FOR MAJOR UPDATE"
17.1309,1,128,146,"PPO FORWARD — SAFE TRANSPORT TO D2",0.5800,"Forward",False,0.0000,"WAITING FOR MAJOR UPDATE"
17.2362,1,128,147,"PPO FORWARD — SAFE TRANSPORT TO D2",0.5800,"Forward",False,0.0000,"WAITING FOR MAJOR UPDATE"
17.3423,1,128,148,"PPO FORWARD — SAFE TRANSPORT TO D2",0.5800,"Forward",False,0.0000,"WAITING FOR MAJOR UPDATE"
17.4488,1,128,149,"PPO FORWARD — SAFE TRANSPORT TO D2",0.5800,"Forward",False,0.0000,"WAITING FOR MAJOR UPDATE"
17.5578,1,128,150,"PPO FORWARD — SAFE TRANSPORT TO D2",0.5800,"Forward",False,0.0000,"WAITING FOR MAJOR UPDATE"
17.6689,1,128,151,"PPO FORWARD — SAFE TRANSPORT TO D2",0.5800,"Forward",False,0.0000,"WAITING FOR MAJOR UPDATE"
17.7799,1,128,152,"PPO FORWARD — SAFE TRANSPORT TO D2",0.5800,"Forward",False,0.0000,"WAITING FOR MAJOR UPDATE"
17.8830,1,128,153,"PPO FORWARD — SAFE TRANSPORT TO D2",0.5800,"Forward",False,0.0000,"WAITING FOR MAJOR UPDATE"
17.9940,1,128,154,"PPO FORWARD — SAFE TRANSPORT TO D2",0.5800,"Forward",False,0.0000,"WAITING FOR MAJOR UPDATE"
18.0978,1,128,155,"PPO FORWARD — SAFE TRANSPORT TO D2",0.5800,"Forward",False,0.0000,"WAITING FOR MAJOR UPDATE"
18.2016,1,128,156,"PPO FORWARD — SAFE TRANSPORT TO D2",0.5800,"Forward",False,0.0000,"WAITING FOR MAJOR UPDATE"
18.3253,1,128,157,"PPO FORWARD — SAFE TRANSPORT TO D2",0.5800,"Forward",False,0.0000,"WAITING FOR MAJOR UPDATE"
18.4496,1,128,158,"PPO FORWARD — SAFE TRANSPORT TO D2",0.5800,"Forward",False,0.0000,"WAITING FOR MAJOR UPDATE"
18.5605,1,128,159,"PPO FORWARD — SAFE TRANSPORT TO D2",0.5800,"Forward",False,0.0000,"WAITING FOR MAJOR UPDATE"
18.6644,1,128,160,"PPO FORWARD — SAFE TRANSPORT TO D2",0.5800,"Forward",False,0.0000,"WAITING FOR MAJOR UPDATE"
18.7684,1,128,161,"PPO FORWARD — SAFE TRANSPORT TO D2",0.5800,"Forward",False,0.0000,"WAITING FOR MAJOR UPDATE"
18.8693,1,128,162,"PPO FORWARD — SAFE TRANSPORT TO D2",0.5800,"Forward",False,0.0000,"WAITING FOR MAJOR UPDATE"
18.9904,1,128,163,"PPO FORWARD — SAFE TRANSPORT TO D2",0.5800,"Forward",False,0.0000,"WAITING FOR MAJOR UPDATE"
19.1034,1,128,164,"PPO FORWARD — SAFE TRANSPORT TO D2",0.5800,"Forward",False,0.0000,"WAITING FOR MAJOR UPDATE"
19.2080,1,128,165,"PPO FORWARD — SAFE TRANSPORT TO D2",0.5800,"Forward",False,0.0000,"WAITING FOR MAJOR UPDATE"
19.3151,1,128,166,"PPO FORWARD — SAFE TRANSPORT TO D2",0.5800,"Forward",False,0.0000,"WAITING FOR MAJOR UPDATE"
19.4207,1,128,167,"PPO FORWARD — SAFE TRANSPORT TO D2",0.5800,"Forward",False,0.0000,"WAITING FOR MAJOR UPDATE"
19.5271,1,128,168,"PPO FORWARD — SAFE TRANSPORT TO D2",0.5800,"Forward",False,0.0000,"WAITING FOR MAJOR UPDATE"
19.6381,1,128,169,"PPO FORWARD — SAFE TRANSPORT TO D2",0.5800,"Forward",False,0.0000,"WAITING FOR MAJOR UPDATE"
19.7484,1,128,170,"PPO FORWARD — SAFE TRANSPORT TO D2",0.5800,"Forward",False,0.0000,"WAITING FOR MAJOR UPDATE"
19.8551,1,128,171,"PPO FORWARD — SAFE TRANSPORT TO D2",0.5800,"Forward",False,0.0000,"WAITING FOR MAJOR UPDATE"
19.9630,1,128,172,"PPO FORWARD — SAFE TRANSPORT TO D2",0.5800,"Forward",False,0.0000,"WAITING FOR MAJOR UPDATE"
20.0666,1,128,173,"PPO FORWARD — SAFE TRANSPORT TO D2",0.5800,"Forward",False,0.0000,"WAITING FOR MAJOR UPDATE"
20.1897,1,128,174,"PPO FORWARD — SAFE TRANSPORT TO D2",0.5800,"Forward",False,0.0000,"WAITING FOR MAJOR UPDATE"
20.3137,1,128,175,"PPO FORWARD — SAFE TRANSPORT TO D2",0.5800,"Forward",False,0.0000,"WAITING FOR MAJOR UPDATE"
20.4172,1,128,176,"PPO FORWARD — SAFE TRANSPORT TO D2",0.5800,"Forward",False,0.0000,"WAITING FOR MAJOR UPDATE"
20.5404,1,128,177,"PPO FORWARD — SAFE TRANSPORT TO D2",0.5800,"Forward",False,0.0000,"WAITING FOR MAJOR UPDATE"
20.6436,1,128,178,"PPO FORWARD — SAFE TRANSPORT TO D2",0.5800,"Forward",False,0.0000,"WAITING FOR MAJOR UPDATE"
20.7460,1,128,179,"PPO FORWARD — SAFE TRANSPORT TO D2",0.5800,"Forward",False,0.0000,"WAITING FOR MAJOR UPDATE"
20.8518,1,128,180,"PPO FORWARD — SAFE TRANSPORT TO D2",0.5800,"Forward",False,0.0000,"WAITING FOR MAJOR UPDATE"
20.9574,1,128,181,"PPO FORWARD — SAFE TRANSPORT TO D2",0.5800,"Forward",False,0.0000,"WAITING FOR MAJOR UPDATE"
21.0777,1,128,182,"PPO FORWARD — SAFE TRANSPORT TO D2",0.5800,"Forward",False,0.0000,"WAITING FOR MAJOR UPDATE"
21.1787,1,128,183,"PPO FORWARD — SAFE TRANSPORT TO D2",0.5800,"Forward",False,0.0000,"WAITING FOR MAJOR UPDATE"
21.2796,1,128,184,"PPO FORWARD — SAFE TRANSPORT TO D2",0.5800,"Forward",False,0.0000,"WAITING FOR MAJOR UPDATE"
21.3801,1,128,185,"PPO FORWARD — SAFE TRANSPORT TO D2",0.5800,"Forward",False,0.0000,"WAITING FOR MAJOR UPDATE"
21.4887,1,128,186,"PPO FORWARD — SAFE TRANSPORT TO D2",0.5800,"Forward",False,0.0000,"WAITING FOR MAJOR UPDATE"
21.5919,1,128,187,"PPO FORWARD — SAFE TRANSPORT TO D2",0.5800,"Forward",False,0.0000,"WAITING FOR MAJOR UPDATE"
21.6995,1,128,188,"PPO FORWARD — SAFE TRANSPORT TO D2",0.5800,"Forward",False,0.0000,"WAITING FOR MAJOR UPDATE"
21.8249,1,128,189,"PPO FORWARD — SAFE TRANSPORT TO D2",0.5800,"Forward",False,0.0000,"WAITING FOR MAJOR UPDATE"
21.9286,1,128,190,"PPO FORWARD — SAFE TRANSPORT TO D2",0.5800,"Forward",False,0.0000,"WAITING FOR MAJOR UPDATE"
22.0374,1,128,191,"PPO FORWARD — SAFE TRANSPORT TO D2",0.5800,"Forward",False,0.0000,"WAITING FOR MAJOR UPDATE"
22.1459,1,128,192,"PPO FORWARD — SAFE TRANSPORT TO D2",0.5800,"Forward",False,0.0000,"WAITING FOR MAJOR UPDATE"
22.2706,1,128,193,"PPO FORWARD — SAFE TRANSPORT TO D2",0.5800,"Forward",False,0.0000,"WAITING FOR MAJOR UPDATE"
22.3740,1,128,194,"PPO FORWARD — SAFE TRANSPORT TO D2",0.5800,"Forward",False,0.0000,"WAITING FOR MAJOR UPDATE"
22.4792,1,128,195,"PPO FORWARD — SAFE TRANSPORT TO D2",0.5800,"Forward",False,0.0000,"WAITING FOR MAJOR UPDATE"
22.5817,1,128,196,"PPO FORWARD — SAFE TRANSPORT TO D2",0.5800,"Forward",False,0.0000,"WAITING FOR MAJOR UPDATE"
22.7035,1,128,197,"PPO FORWARD — SAFE TRANSPORT TO D2",0.5800,"Forward",False,0.0000,"WAITING FOR MAJOR UPDATE"
22.8130,1,128,198,"PPO FORWARD — SAFE TRANSPORT TO D2",0.5800,"Forward",False,0.0000,"WAITING FOR MAJOR UPDATE"
22.9232,1,128,199,"PPO FORWARD — SAFE TRANSPORT TO D2",0.5800,"Forward",False,0.0000,"WAITING FOR MAJOR UPDATE"
23.0273,1,128,200,"PPO FORWARD — SAFE TRANSPORT TO D2",0.5800,"Forward",False,0.0000,"WAITING FOR MAJOR UPDATE"
23.1315,1,128,201,"PPO FORWARD — SAFE TRANSPORT TO D2",0.5800,"Forward",False,0.0000,"WAITING FOR MAJOR UPDATE"
23.2345,1,128,202,"PPO FORWARD — SAFE TRANSPORT TO D2",0.5800,"Forward",False,0.0000,"WAITING FOR MAJOR UPDATE"
23.3488,1,128,203,"PPO FORWARD — SAFE TRANSPORT TO D2",0.5800,"Forward",False,0.0000,"WAITING FOR MAJOR UPDATE"
23.4532,1,128,204,"PPO FORWARD — SAFE TRANSPORT TO D2",0.5800,"Forward",False,0.0000,"WAITING FOR MAJOR UPDATE"
23.5546,1,128,205,"PPO FORWARD — SAFE TRANSPORT TO D2",0.5800,"Forward",False,0.0000,"WAITING FOR MAJOR UPDATE"
23.6564,1,128,206,"PPO FORWARD — SAFE TRANSPORT TO D2",0.5800,"Forward",False,0.0000,"WAITING FOR MAJOR UPDATE"
23.7742,1,128,207,"PPO FORWARD — SAFE TRANSPORT TO D2",0.5800,"Forward",False,0.0000,"WAITING FOR MAJOR UPDATE"
23.8774,1,128,208,"PPO FORWARD — SAFE TRANSPORT TO D2",0.5800,"Forward",False,0.0000,"WAITING FOR MAJOR UPDATE"
23.9950,1,128,209,"PPO FORWARD — SAFE TRANSPORT TO D2",0.5800,"Forward",False,0.0000,"WAITING FOR MAJOR UPDATE"
24.0995,1,128,210,"PPO FORWARD — SAFE TRANSPORT TO D2",0.5800,"Forward",False,0.0000,"WAITING FOR MAJOR UPDATE"
24.2047,1,128,211,"PPO FORWARD — SAFE TRANSPORT TO D2",0.5800,"Forward",False,0.0000,"WAITING FOR MAJOR UPDATE"
24.3133,1,128,212,"PPO FORWARD — SAFE TRANSPORT TO D2",0.5800,"Forward",False,0.0000,"WAITING FOR MAJOR UPDATE"
24.4232,1,128,213,"PPO FORWARD — SAFE TRANSPORT TO D2",0.5800,"Forward",False,0.0000,"WAITING FOR MAJOR UPDATE"
24.5319,1,128,214,"PPO FORWARD — SAFE TRANSPORT TO D2",0.5800,"Forward",False,0.0000,"WAITING FOR MAJOR UPDATE"
24.6450,1,128,215,"PPO FORWARD — SAFE TRANSPORT TO D2",0.5800,"Forward",False,0.0000,"WAITING FOR MAJOR UPDATE"
24.7463,1,128,216,"PPO FORWARD — SAFE TRANSPORT TO D2",0.5800,"Forward",False,0.0000,"WAITING FOR MAJOR UPDATE"
24.8580,1,128,217,"PPO FORWARD — SAFE TRANSPORT TO D2",0.5800,"Forward",False,0.0000,"WAITING FOR MAJOR UPDATE"
24.9590,1,128,218,"PPO FORWARD — SAFE TRANSPORT TO D2",0.5800,"Forward",False,0.0000,"WAITING FOR MAJOR UPDATE"
25.0621,1,128,219,"PPO FORWARD — SAFE TRANSPORT TO D2",0.5800,"Forward",False,0.0000,"WAITING FOR MAJOR UPDATE"
25.1903,1,128,220,"PPO FORWARD — SAFE TRANSPORT TO D2",0.5800,"Forward",False,0.0000,"WAITING FOR MAJOR UPDATE"
25.2918,1,128,221,"PPO FORWARD — SAFE TRANSPORT TO D2",0.5800,"Forward",False,0.0000,"WAITING FOR MAJOR UPDATE"
25.4039,1,128,222,"PPO FORWARD — SAFE TRANSPORT TO D2",0.5800,"Forward",False,0.0000,"WAITING FOR MAJOR UPDATE"
25.5133,1,128,223,"PPO FORWARD — SAFE TRANSPORT TO D2",0.5800,"Forward",False,0.0000,"WAITING FOR MAJOR UPDATE"
25.6233,1,128,224,"PPO FORWARD — SAFE TRANSPORT TO D2",0.5800,"Forward",False,0.0000,"WAITING FOR MAJOR UPDATE"
25.7339,1,128,225,"PPO FORWARD — SAFE TRANSPORT TO D2",0.5800,"Forward",False,0.0000,"WAITING FOR MAJOR UPDATE"
25.8503,1,128,226,"PPO FORWARD — SAFE TRANSPORT TO D2",0.5800,"Forward",False,0.0000,"WAITING FOR MAJOR UPDATE"
25.9544,1,128,227,"PPO FORWARD — SAFE TRANSPORT TO D2",0.5800,"Forward",False,0.0000,"WAITING FOR MAJOR UPDATE"
26.0760,1,128,228,"PPO FORWARD — SAFE TRANSPORT TO D2",0.5800,"Forward",False,0.0000,"WAITING FOR MAJOR UPDATE"
26.1966,1,128,229,"PPO FORWARD — SAFE TRANSPORT TO D2",0.5800,"Forward",False,0.0000,"WAITING FOR MAJOR UPDATE"
26.3149,1,128,230,"PPO FORWARD — SAFE TRANSPORT TO D2",0.5800,"Forward",False,0.0000,"WAITING FOR MAJOR UPDATE"
26.4167,1,128,231,"PPO FORWARD — SAFE TRANSPORT TO D2",0.5800,"Forward",False,0.0000,"WAITING FOR MAJOR UPDATE"
26.5338,1,128,232,"PPO FORWARD — SAFE TRANSPORT TO D2",0.5800,"Forward",False,0.0000,"WAITING FOR MAJOR UPDATE"
26.6614,1,128,233,"PPO FORWARD — SAFE TRANSPORT TO D2",0.5800,"Forward",False,0.0000,"WAITING FOR MAJOR UPDATE"
26.7798,1,128,234,"PPO FORWARD — SAFE TRANSPORT TO D2",0.5800,"Forward",False,0.0000,"WAITING FOR MAJOR UPDATE"
26.9070,1,128,235,"PPO FORWARD — SAFE TRANSPORT TO D2",0.5800,"Forward",False,0.0000,"WAITING FOR MAJOR UPDATE"
27.0116,1,128,236,"PPO FORWARD — SAFE TRANSPORT TO D2",0.5800,"Forward",False,0.0000,"WAITING FOR MAJOR UPDATE"
27.1271,1,128,237,"PPO FORWARD — SAFE TRANSPORT TO D2",0.5800,"Forward",False,0.0000,"WAITING FOR MAJOR UPDATE"
27.2339,1,128,238,"PPO FORWARD — SAFE TRANSPORT TO D2",0.5800,"Forward",False,0.0000,"WAITING FOR MAJOR UPDATE"
27.3415,1,128,239,"PPO FORWARD — SAFE TRANSPORT TO D2",0.5800,"Forward",False,0.0000,"WAITING FOR MAJOR UPDATE"
27.4502,1,128,240,"PPO FORWARD — SAFE TRANSPORT TO D2",0.5800,"Forward",False,0.0000,"WAITING FOR MAJOR UPDATE"
27.5689,1,128,241,"PPO FORWARD — SAFE TRANSPORT TO D2",0.5800,"Forward",False,0.0000,"WAITING FOR MAJOR UPDATE"
27.6864,1,128,242,"PPO FORWARD — SAFE TRANSPORT TO D2",0.5800,"Forward",False,0.0000,"WAITING FOR MAJOR UPDATE"
27.7972,1,128,243,"PPO FORWARD — SAFE TRANSPORT TO D2",0.5800,"Forward",False,0.0000,"WAITING FOR MAJOR UPDATE"
27.9018,1,128,244,"PPO FORWARD — SAFE TRANSPORT TO D2",0.5800,"Forward",False,0.0000,"WAITING FOR MAJOR UPDATE"
28.0085,1,128,245,"PPO FORWARD — SAFE TRANSPORT TO D2",0.5800,"Forward",False,0.0000,"WAITING FOR MAJOR UPDATE"
28.1133,1,128,246,"PPO FORWARD — SAFE TRANSPORT TO D2",0.5800,"Forward",False,0.0000,"WAITING FOR MAJOR UPDATE"
28.2162,1,128,247,"PPO FORWARD — SAFE TRANSPORT TO D2",0.5800,"Forward",False,0.0000,"WAITING FOR MAJOR UPDATE"
28.3371,1,128,248,"PPO FORWARD — SAFE TRANSPORT TO D2",0.5800,"Forward",False,0.0000,"WAITING FOR MAJOR UPDATE"
28.4685,1,128,249,"PPO FORWARD — SAFE TRANSPORT TO D2",0.5800,"Forward",False,0.0000,"WAITING FOR MAJOR UPDATE"
28.5968,1,128,250,"PPO FORWARD — SAFE TRANSPORT TO D2",0.5800,"Forward",False,0.0000,"WAITING FOR MAJOR UPDATE"
28.7250,1,128,251,"PPO FORWARD — SAFE TRANSPORT TO D2",0.5800,"Forward",False,0.0000,"WAITING FOR MAJOR UPDATE"
28.8488,1,128,252,"PPO FORWARD — SAFE TRANSPORT TO D2",0.5800,"Forward",False,0.0000,"WAITING FOR MAJOR UPDATE"
28.9677,1,128,253,"PPO FORWARD — SAFE TRANSPORT TO D2",0.5800,"Forward",False,0.0000,"WAITING FOR MAJOR UPDATE"
29.1031,1,128,254,"PPO FORWARD — SAFE TRANSPORT TO D2",0.5800,"Forward",False,0.0000,"WAITING FOR MAJOR UPDATE"
29.2073,1,128,255,"PPO FORWARD — SAFE TRANSPORT TO D2",0.5800,"Forward",False,0.0000,"WAITING FOR MAJOR UPDATE"
29.3414,1,128,256,"PPO FORWARD — SAFE TRANSPORT TO D2",0.5800,"Forward",False,0.0000,"WAITING FOR MAJOR UPDATE"
29.4635,1,128,257,"PPO FORWARD — SAFE TRANSPORT TO D2",0.5800,"Forward",False,0.0000,"WAITING FOR MAJOR UPDATE"
29.5679,1,128,258,"PPO FORWARD — SAFE TRANSPORT TO D2",0.5800,"Forward",False,0.0000,"WAITING FOR MAJOR UPDATE"
29.6684,1,128,259,"PPO FORWARD — SAFE TRANSPORT TO D2",0.5800,"Forward",False,0.0000,"WAITING FOR MAJOR UPDATE"
29.7921,1,128,260,"PPO FORWARD — SAFE TRANSPORT TO D2",0.5800,"Forward",False,0.0000,"WAITING FOR MAJOR UPDATE"
29.9100,1,128,261,"PPO FORWARD — SAFE TRANSPORT TO D2",0.5800,"Forward",False,0.0000,"WAITING FOR MAJOR UPDATE"
30.0105,1,128,262,"PPO FORWARD — SAFE TRANSPORT TO D2",0.5800,"Forward",False,0.0000,"WAITING FOR MAJOR UPDATE"
30.1366,1,128,263,"PPO FORWARD — SAFE TRANSPORT TO D2",0.5800,"Forward",False,0.0000,"WAITING FOR MAJOR UPDATE"
30.2607,1,128,264,"PPO FORWARD — SAFE TRANSPORT TO D2",0.5800,"Forward",False,0.0000,"WAITING FOR MAJOR UPDATE"
30.3868,1,128,265,"PPO FORWARD — SAFE TRANSPORT TO D2",0.5800,"Forward",False,0.0000,"WAITING FOR MAJOR UPDATE"
30.5084,1,128,266,"PPO FORWARD — SAFE TRANSPORT TO D2",0.5800,"Forward",False,0.0000,"WAITING FOR MAJOR UPDATE"
30.6302,1,128,267,"PPO FORWARD — SAFE TRANSPORT TO D2",0.5800,"Forward",False,0.0000,"WAITING FOR MAJOR UPDATE"
30.7593,1,128,268,"PPO FORWARD — SAFE TRANSPORT TO D2",0.5800,"Forward",False,0.0000,"WAITING FOR MAJOR UPDATE"
30.8835,1,128,269,"PPO FORWARD — SAFE TRANSPORT TO D2",0.5800,"Forward",False,0.0000,"WAITING FOR MAJOR UPDATE"
31.0022,1,128,270,"PPO FORWARD — SAFE TRANSPORT TO D2",0.5800,"Forward",False,0.0000,"WAITING FOR MAJOR UPDATE"
31.1299,1,128,271,"PPO FORWARD — SAFE TRANSPORT TO D2",0.5800,"Forward",False,0.0000,"WAITING FOR MAJOR UPDATE"
31.2495,1,128,272,"PPO FORWARD — SAFE TRANSPORT TO D2",0.5800,"Forward",False,0.0000,"WAITING FOR MAJOR UPDATE"
31.3497,1,128,273,"PPO FORWARD — SAFE TRANSPORT TO D2",0.5800,"Forward",False,0.0000,"WAITING FOR MAJOR UPDATE"
31.4775,1,128,274,"PPO FORWARD — SAFE TRANSPORT TO D2",0.5800,"Forward",False,0.0000,"WAITING FOR MAJOR UPDATE"
31.6044,1,128,275,"PPO FORWARD — SAFE TRANSPORT TO D2",0.5800,"Forward",False,0.0000,"WAITING FOR MAJOR UPDATE"
31.7361,1,128,276,"PPO FORWARD — SAFE TRANSPORT TO D2",0.5800,"Forward",False,0.0000,"WAITING FOR MAJOR UPDATE"
31.8523,1,128,277,"PPO FORWARD — SAFE TRANSPORT TO D2",0.5800,"Forward",False,0.0000,"WAITING FOR MAJOR UPDATE"
31.9692,1,128,278,"PPO FORWARD — SAFE TRANSPORT TO D2",0.5800,"Forward",False,0.0000,"WAITING FOR MAJOR UPDATE"
32.0908,1,128,279,"PPO FORWARD — SAFE TRANSPORT TO D2",0.5800,"Forward",False,0.0000,"WAITING FOR MAJOR UPDATE"
32.2070,1,128,280,"PPO FORWARD — SAFE TRANSPORT TO D2",0.5800,"Forward",False,0.0000,"WAITING FOR MAJOR UPDATE"
32.3241,1,128,281,"PPO FORWARD — SAFE TRANSPORT TO D2",0.5800,"Forward",False,0.0000,"WAITING FOR MAJOR UPDATE"
32.4479,1,128,282,"PPO FORWARD — SAFE TRANSPORT TO D2",0.5800,"Forward",False,0.0000,"WAITING FOR MAJOR UPDATE"
32.5655,1,128,283,"PPO FORWARD — SAFE TRANSPORT TO D2",0.5800,"Forward",False,0.0000,"WAITING FOR MAJOR UPDATE"
32.6673,1,128,284,"PPO FORWARD — SAFE TRANSPORT TO D2",0.5800,"Forward",False,0.0000,"WAITING FOR MAJOR UPDATE"
32.7947,1,128,285,"PPO FORWARD — SAFE TRANSPORT TO D2",0.5800,"Forward",False,0.0000,"WAITING FOR MAJOR UPDATE"
32.9196,1,128,286,"PPO FORWARD — SAFE TRANSPORT TO D2",0.5800,"Forward",False,0.0000,"WAITING FOR MAJOR UPDATE"
33.0280,1,128,287,"PPO FORWARD — SAFE TRANSPORT TO D2",0.5800,"Forward",False,0.0000,"WAITING FOR MAJOR UPDATE"
33.1342,1,128,288,"PPO FORWARD — SAFE TRANSPORT TO D2",0.5800,"Forward",False,0.0000,"WAITING FOR MAJOR UPDATE"
33.2398,1,128,289,"PPO FORWARD — SAFE TRANSPORT TO D2",0.5800,"Forward",False,0.0000,"WAITING FOR MAJOR UPDATE"
33.3398,1,128,290,"PPO FORWARD — SAFE TRANSPORT TO D2",0.5800,"Forward",False,0.0000,"WAITING FOR MAJOR UPDATE"
33.4473,1,128,291,"PPO FORWARD — SAFE TRANSPORT TO D2",0.5800,"Forward",False,0.0000,"WAITING FOR MAJOR UPDATE"
33.5787,1,128,292,"PPO FORWARD — SAFE TRANSPORT TO D2",0.5800,"Forward",False,0.0000,"WAITING FOR MAJOR UPDATE"
33.7054,1,128,293,"PPO FORWARD — SAFE TRANSPORT TO D2",0.5800,"Forward",False,0.0000,"WAITING FOR MAJOR UPDATE"
33.8067,1,128,294,"PPO FORWARD — SAFE TRANSPORT TO D2",0.5800,"Forward",False,0.0000,"WAITING FOR MAJOR UPDATE"
33.9399,1,128,295,"PPO FORWARD — SAFE TRANSPORT TO D2",0.5800,"Forward",False,0.0000,"WAITING FOR MAJOR UPDATE"
34.0443,1,128,296,"PPO FORWARD — SAFE TRANSPORT TO D2",0.5800,"Forward",False,0.0000,"WAITING FOR MAJOR UPDATE"
34.1698,1,128,297,"PPO FORWARD — SAFE TRANSPORT TO D2",0.5800,"Forward",False,0.0000,"WAITING FOR MAJOR UPDATE"
34.2934,1,128,298,"PPO FORWARD — SAFE TRANSPORT TO D2",0.5800,"Forward",False,0.0000,"WAITING FOR MAJOR UPDATE"
34.4130,1,128,299,"PPO FORWARD — SAFE TRANSPORT TO D2",0.5800,"Forward",False,0.0000,"WAITING FOR MAJOR UPDATE"
34.5325,1,128,300,"PPO FORWARD — SAFE TRANSPORT TO D2",0.5800,"Forward",False,0.0000,"WAITING FOR MAJOR UPDATE"
34.6336,1,128,301,"PPO FORWARD — SAFE TRANSPORT TO D2",0.5800,"Forward",False,0.0000,"WAITING FOR MAJOR UPDATE"
34.7504,1,128,302,"PPO FORWARD — SAFE TRANSPORT TO D2",0.5800,"Forward",False,0.0000,"WAITING FOR MAJOR UPDATE"
34.8504,1,128,303,"PPO FORWARD — SAFE TRANSPORT TO D2",0.5800,"Forward",False,0.0000,"WAITING FOR MAJOR UPDATE"
34.9772,1,128,304,"PPO FORWARD — SAFE TRANSPORT TO D2",0.5800,"Forward",False,0.0000,"WAITING FOR MAJOR UPDATE"
35.1035,1,128,305,"PPO FORWARD — SAFE TRANSPORT TO D2",0.5800,"Forward",False,0.0000,"WAITING FOR MAJOR UPDATE"
35.2220,1,128,306,"PPO FORWARD — SAFE TRANSPORT TO D2",0.5800,"Forward",False,0.0000,"WAITING FOR MAJOR UPDATE"
35.3440,1,128,307,"PPO FORWARD — SAFE TRANSPORT TO D2",0.5800,"Forward",False,0.0000,"WAITING FOR MAJOR UPDATE"
35.4441,1,128,308,"PPO FORWARD — SAFE TRANSPORT TO D2",0.5800,"Forward",False,0.0000,"WAITING FOR MAJOR UPDATE"
35.5581,1,128,309,"PPO FORWARD — SAFE TRANSPORT TO D2",0.5800,"Forward",False,0.0000,"WAITING FOR MAJOR UPDATE"
35.6727,1,128,310,"PPO FORWARD — SAFE TRANSPORT TO D2",0.5800,"Forward",False,0.0000,"WAITING FOR MAJOR UPDATE"
35.7812,1,128,311,"PPO FORWARD — SAFE TRANSPORT TO D2",0.5800,"Forward",False,0.0000,"WAITING FOR MAJOR UPDATE"
35.9119,1,128,312,"PPO FORWARD — SAFE TRANSPORT TO D2",0.5800,"Forward",False,0.0000,"WAITING FOR MAJOR UPDATE"
36.0351,1,128,313,"PPO FORWARD — SAFE TRANSPORT TO D2",0.5800,"Forward",False,0.0000,"WAITING FOR MAJOR UPDATE"
36.1620,1,128,314,"PPO FORWARD — SAFE TRANSPORT TO D2",0.5800,"Forward",False,0.0000,"WAITING FOR MAJOR UPDATE"
36.2657,1,128,315,"PPO FORWARD — SAFE TRANSPORT TO D2",0.5800,"Forward",False,0.0000,"WAITING FOR MAJOR UPDATE"
36.3753,1,128,316,"PPO FORWARD — SAFE TRANSPORT TO D2",0.5800,"Forward",False,0.0000,"WAITING FOR MAJOR UPDATE"
36.4866,1,128,317,"PPO FORWARD — SAFE TRANSPORT TO D2",0.5800,"Forward",False,0.0000,"WAITING FOR MAJOR UPDATE"
36.6151,1,128,318,"PPO FORWARD — SAFE TRANSPORT TO D2",0.5800,"Forward",False,0.0000,"WAITING FOR MAJOR UPDATE"
36.7180,1,128,319,"PPO FORWARD — SAFE TRANSPORT TO D2",0.5800,"Forward",False,0.0000,"WAITING FOR MAJOR UPDATE"
36.8447,1,128,320,"PPO FORWARD — SAFE TRANSPORT TO D2",0.5800,"Forward",False,0.0000,"WAITING FOR MAJOR UPDATE"
36.9624,1,128,321,"PPO FORWARD — SAFE TRANSPORT TO D2",0.5800,"Forward",False,0.0000,"WAITING FOR MAJOR UPDATE"
37.0837,1,128,322,"PPO FORWARD — SAFE TRANSPORT TO D2",0.5800,"Forward",False,0.0000,"WAITING FOR MAJOR UPDATE"
37.2121,1,128,323,"PPO FORWARD — SAFE TRANSPORT TO D2",0.5800,"Forward",False,0.0000,"WAITING FOR MAJOR UPDATE"
37.3292,1,128,324,"PPO FORWARD — SAFE TRANSPORT TO D2",0.5800,"Forward",False,0.0000,"WAITING FOR MAJOR UPDATE"
37.4539,1,128,325,"PPO FORWARD — SAFE TRANSPORT TO D2",0.5800,"Forward",False,0.0000,"WAITING FOR MAJOR UPDATE"
37.5802,1,128,326,"PPO FORWARD — SAFE TRANSPORT TO D2",0.5800,"Forward",False,0.0000,"WAITING FOR MAJOR UPDATE"
37.7024,1,128,327,"PPO FORWARD — SAFE TRANSPORT TO D2",0.5800,"Forward",False,0.0000,"WAITING FOR MAJOR UPDATE"
37.8216,1,128,328,"PPO FORWARD — SAFE TRANSPORT TO D2",0.5800,"Forward",False,0.0000,"WAITING FOR MAJOR UPDATE"
37.9295,1,128,329,"PPO FORWARD — SAFE TRANSPORT TO D2",0.5800,"Forward",False,0.0000,"WAITING FOR MAJOR UPDATE"
38.0534,1,128,330,"PPO FORWARD — SAFE TRANSPORT TO D2",0.5800,"Forward",False,0.0000,"WAITING FOR MAJOR UPDATE"
38.1819,1,128,331,"PPO FORWARD — SAFE TRANSPORT TO D2",0.5800,"Forward",False,0.0000,"WAITING FOR MAJOR UPDATE"
38.2995,1,128,332,"PPO FORWARD — SAFE TRANSPORT TO D2",0.5800,"Forward",False,0.0000,"WAITING FOR MAJOR UPDATE"
38.4056,1,128,333,"PPO FORWARD — SAFE TRANSPORT TO D2",0.5800,"Forward",False,0.0000,"WAITING FOR MAJOR UPDATE"
38.5156,1,128,334,"PPO FORWARD — SAFE TRANSPORT TO D2",0.5800,"Forward",False,0.0000,"WAITING FOR MAJOR UPDATE"
38.6381,1,128,335,"PPO FORWARD — SAFE TRANSPORT TO D2",0.5800,"Forward",False,0.0000,"WAITING FOR MAJOR UPDATE"
38.7588,1,128,336,"PPO FORWARD — SAFE TRANSPORT TO D2",0.5800,"Forward",False,0.0000,"WAITING FOR MAJOR UPDATE"
38.8757,1,128,337,"PPO FORWARD — SAFE TRANSPORT TO D2",0.5800,"Forward",False,0.0000,"WAITING FOR MAJOR UPDATE"
39.0042,1,128,338,"PPO FORWARD — SAFE TRANSPORT TO D2",0.5800,"Forward",False,0.0000,"WAITING FOR MAJOR UPDATE"
39.1265,1,128,339,"PPO FORWARD — SAFE TRANSPORT TO D2",0.5800,"Forward",False,0.0000,"WAITING FOR MAJOR UPDATE"
39.2380,1,128,340,"PPO FORWARD — SAFE TRANSPORT TO D2",0.5800,"Forward",False,0.0000,"WAITING FOR MAJOR UPDATE"
39.3672,1,128,341,"PPO FORWARD — SAFE TRANSPORT TO D2",0.5800,"Forward",False,0.0000,"WAITING FOR MAJOR UPDATE"
39.4695,1,128,342,"PPO FORWARD — SAFE TRANSPORT TO D2",0.5800,"Forward",False,0.0000,"WAITING FOR MAJOR UPDATE"
39.6012,1,128,343,"PPO FORWARD — SAFE TRANSPORT TO D2",0.5800,"Forward",False,0.0000,"WAITING FOR MAJOR UPDATE"
39.7267,1,128,344,"PPO FORWARD — SAFE TRANSPORT TO D2",0.5800,"Forward",False,0.0000,"WAITING FOR MAJOR UPDATE"
39.8500,1,128,345,"PPO FORWARD — SAFE TRANSPORT TO D2",0.5800,"Forward",False,0.0000,"WAITING FOR MAJOR UPDATE"
39.9716,1,128,346,"PPO FORWARD — SAFE TRANSPORT TO D2",0.5800,"Forward",False,0.0000,"WAITING FOR MAJOR UPDATE"
40.0898,1,128,347,"PPO FORWARD — SAFE TRANSPORT TO D2",0.5800,"Forward",False,0.0000,"WAITING FOR MAJOR UPDATE"
40.2158,1,128,348,"PPO FORWARD — SAFE TRANSPORT TO D2",0.5800,"Forward",False,0.0000,"WAITING FOR MAJOR UPDATE"
40.3357,1,128,349,"PPO FORWARD — SAFE TRANSPORT TO D2",0.5800,"Forward",False,0.0000,"WAITING FOR MAJOR UPDATE"
40.4565,1,128,350,"PPO FORWARD — SAFE TRANSPORT TO D2",0.5800,"Forward",False,0.0000,"WAITING FOR MAJOR UPDATE"
40.5742,1,128,351,"PPO FORWARD — SAFE TRANSPORT TO D2",0.5800,"Forward",False,0.0000,"WAITING FOR MAJOR UPDATE"
40.6949,1,128,352,"PPO FORWARD — SAFE TRANSPORT TO D2",0.5800,"Forward",False,0.0000,"WAITING FOR MAJOR UPDATE"
40.8139,1,128,353,"PPO FORWARD — SAFE TRANSPORT TO D2",0.5800,"Forward",False,0.0000,"WAITING FOR MAJOR UPDATE"
40.9363,1,128,354,"PPO FORWARD — SAFE TRANSPORT TO D2",0.5800,"Forward",False,0.0000,"WAITING FOR MAJOR UPDATE"
41.0555,1,128,355,"PPO FORWARD — SAFE TRANSPORT TO D2",0.5800,"Forward",False,0.0000,"WAITING FOR MAJOR UPDATE"
41.1739,1,128,356,"PPO FORWARD — SAFE TRANSPORT TO D2",0.5800,"Forward",False,0.0000,"WAITING FOR MAJOR UPDATE"
41.2926,1,128,357,"PPO FORWARD — SAFE TRANSPORT TO D2",0.5800,"Forward",False,0.0000,"WAITING FOR MAJOR UPDATE"
41.4117,1,128,358,"PPO FORWARD — SAFE TRANSPORT TO D2",0.5800,"Forward",False,0.0000,"WAITING FOR MAJOR UPDATE"
41.5325,1,128,359,"PPO FORWARD — SAFE TRANSPORT TO D2",0.5800,"Forward",False,0.0000,"WAITING FOR MAJOR UPDATE"
41.6657,1,128,360,"PPO FORWARD — SAFE TRANSPORT TO D2",0.5800,"Forward",False,0.0000,"WAITING FOR MAJOR UPDATE"
41.7911,1,128,361,"PPO FORWARD — SAFE TRANSPORT TO D2",0.5800,"Forward",False,0.0000,"WAITING FOR MAJOR UPDATE"
41.9088,1,128,362,"PPO FORWARD — SAFE TRANSPORT TO D2",0.5800,"Forward",False,0.0000,"WAITING FOR MAJOR UPDATE"
42.0257,1,128,363,"PPO FORWARD — SAFE TRANSPORT TO D2",0.5800,"Forward",False,0.0000,"WAITING FOR MAJOR UPDATE"
42.1438,1,128,364,"PPO FORWARD — SAFE TRANSPORT TO D2",0.5800,"Forward",False,0.0000,"WAITING FOR MAJOR UPDATE"
42.2671,1,128,365,"PPO FORWARD — SAFE TRANSPORT TO D2",0.5800,"Forward",False,0.0000,"WAITING FOR MAJOR UPDATE"
42.3912,1,128,366,"PPO FORWARD — SAFE TRANSPORT TO D2",0.5800,"Forward",False,0.0000,"WAITING FOR MAJOR UPDATE"
42.5124,1,128,367,"PPO FORWARD — SAFE TRANSPORT TO D2",0.5800,"Forward",False,0.0000,"WAITING FOR MAJOR UPDATE"
42.6325,1,128,368,"PPO FORWARD — SAFE TRANSPORT TO D2",0.5800,"Forward",False,0.0000,"WAITING FOR MAJOR UPDATE"
42.7515,1,128,369,"PPO FORWARD — SAFE TRANSPORT TO D2",0.5800,"Forward",False,0.0000,"WAITING FOR MAJOR UPDATE"
42.8704,1,128,370,"PPO FORWARD — SAFE TRANSPORT TO D2",0.5800,"Forward",False,0.0000,"WAITING FOR MAJOR UPDATE"
42.9945,1,128,371,"PPO FORWARD — SAFE TRANSPORT TO D2",0.5800,"Forward",False,0.0000,"WAITING FOR MAJOR UPDATE"
43.1163,1,128,372,"PPO FORWARD — SAFE TRANSPORT TO D2",0.5800,"Forward",False,0.0000,"WAITING FOR MAJOR UPDATE"
43.2360,1,128,373,"PPO FORWARD — SAFE TRANSPORT TO D2",0.5800,"Forward",False,0.0000,"WAITING FOR MAJOR UPDATE"
43.3506,1,128,374,"PPO FORWARD — SAFE TRANSPORT TO D2",0.5800,"Forward",False,0.0000,"WAITING FOR MAJOR UPDATE"
43.4589,1,128,375,"PPO FORWARD — SAFE TRANSPORT TO D2",0.5800,"Forward",False,0.0000,"WAITING FOR MAJOR UPDATE"
43.4589,1,128,376,"SAFETY-SHIELDED WAIT AT BLIND CORNER",0.5800,"Wait",True,0.0000,"WAITING FOR MAJOR UPDATE"
0.2448,1,131,1,"NavigateToSource:Forward",0.1500,"Forward",False,0.0000,"WAITING FOR MAJOR UPDATE"
0.3514,1,131,2,"NavigateToSource:Forward",0.1500,"Forward",False,0.0000,"WAITING FOR MAJOR UPDATE"
0.4589,1,131,3,"NavigateToSource:Forward",0.1500,"Forward",False,0.0000,"WAITING FOR MAJOR UPDATE"
0.5695,1,131,4,"NavigateToSource:Forward",0.1500,"Forward",False,0.0000,"WAITING FOR MAJOR UPDATE"
0.6794,1,131,5,"NavigateToSource:Forward",0.1500,"Forward",False,0.0000,"WAITING FOR MAJOR UPDATE"
0.7965,1,131,6,"NavigateToSource:Forward",0.1500,"Forward",False,0.0000,"WAITING FOR MAJOR UPDATE"
0.9077,1,131,7,"NavigateToSource:Forward",0.1500,"Forward",False,0.0000,"WAITING FOR MAJOR UPDATE"
1.0147,1,131,8,"NavigateToSource:Forward",0.1500,"Forward",False,0.0000,"WAITING FOR MAJOR UPDATE"
1.1236,1,131,9,"NavigateToSource:Forward",0.1500,"Forward",False,0.0000,"WAITING FOR MAJOR UPDATE"
1.2280,1,131,10,"NavigateToSource:Forward",0.1500,"Forward",False,0.0000,"WAITING FOR MAJOR UPDATE"
1.3383,1,131,11,"NavigateToSource:Forward",0.1500,"Forward",False,0.0000,"WAITING FOR MAJOR UPDATE"
1.4428,1,131,12,"NavigateToSource:Forward",0.1500,"Forward",False,0.0000,"WAITING FOR MAJOR UPDATE"
1.5490,1,131,13,"NavigateToSource:Forward",0.1500,"Forward",False,0.0000,"WAITING FOR MAJOR UPDATE"
1.6542,1,131,14,"NavigateToSource:Forward",0.1500,"Forward",False,0.0000,"WAITING FOR MAJOR UPDATE"
1.7607,1,131,15,"NavigateToSource:Forward",0.1500,"Forward",False,0.0000,"WAITING FOR MAJOR UPDATE"
1.8735,1,131,16,"NavigateToSource:Forward",0.1500,"Forward",False,0.0000,"WAITING FOR MAJOR UPDATE"
1.9804,1,131,17,"NavigateToSource:Forward",0.1500,"Forward",False,0.0000,"WAITING FOR MAJOR UPDATE"
2.0860,1,131,18,"SAFETY-SHIELDED WAIT AT BLIND CORNER",0.5800,"Wait",True,0.0000,"WAITING FOR MAJOR UPDATE"
2.1959,1,131,19,"SAFETY-SHIELDED WAIT AT BLIND CORNER",0.5800,"Wait",True,0.0000,"WAITING FOR MAJOR UPDATE"
2.3008,1,131,20,"SAFETY-SHIELDED WAIT AT BLIND CORNER",0.5800,"Wait",True,0.0000,"WAITING FOR MAJOR UPDATE"
2.4090,1,131,21,"SAFETY-SHIELDED WAIT AT BLIND CORNER",0.5800,"Wait",True,0.0000,"WAITING FOR MAJOR UPDATE"
2.5203,1,131,22,"SAFETY-SHIELDED WAIT AT BLIND CORNER",0.5800,"Wait",True,0.0000,"WAITING FOR MAJOR UPDATE"
2.6308,1,131,23,"SAFETY-SHIELDED WAIT AT BLIND CORNER",0.5800,"Wait",True,0.0000,"WAITING FOR MAJOR UPDATE"
2.7473,1,131,24,"SAFETY-SHIELDED WAIT AT BLIND CORNER",0.5800,"Wait",True,0.0000,"WAITING FOR MAJOR UPDATE"
2.8537,1,131,25,"SAFETY-SHIELDED WAIT AT BLIND CORNER",0.5800,"Wait",True,0.0000,"WAITING FOR MAJOR UPDATE"
2.9648,1,131,26,"SAFETY-SHIELDED WAIT AT BLIND CORNER",0.5800,"Wait",True,0.0000,"WAITING FOR MAJOR UPDATE"
3.0710,1,131,27,"SAFETY-SHIELDED WAIT AT BLIND CORNER",0.5800,"Wait",True,0.0000,"WAITING FOR MAJOR UPDATE"
3.1766,1,131,28,"SAFETY-SHIELDED WAIT AT BLIND CORNER",0.5800,"Wait",True,0.0000,"WAITING FOR MAJOR UPDATE"
3.2831,1,131,29,"SAFETY-SHIELDED WAIT AT BLIND CORNER",0.5800,"Wait",True,0.0000,"WAITING FOR MAJOR UPDATE"
3.3973,1,131,30,"SAFETY-SHIELDED WAIT AT BLIND CORNER",0.5800,"Wait",True,0.0000,"WAITING FOR MAJOR UPDATE"
3.5057,1,131,31,"SAFETY-SHIELDED WAIT AT BLIND CORNER",0.5800,"Wait",True,0.0000,"WAITING FOR MAJOR UPDATE"
3.6117,1,131,32,"SAFETY-SHIELDED WAIT AT BLIND CORNER",0.5800,"Wait",True,0.0000,"WAITING FOR MAJOR UPDATE"
3.7197,1,131,33,"SAFETY-SHIELDED WAIT AT BLIND CORNER",0.5800,"Wait",True,0.0000,"WAITING FOR MAJOR UPDATE"
3.8292,1,131,34,"SAFETY-SHIELDED WAIT AT BLIND CORNER",0.5800,"Wait",True,0.0000,"WAITING FOR MAJOR UPDATE"
3.9424,1,131,35,"SAFETY-SHIELDED WAIT AT BLIND CORNER",0.5800,"Wait",True,0.0000,"WAITING FOR MAJOR UPDATE"
4.0709,1,131,36,"SAFETY-SHIELDED WAIT AT BLIND CORNER",0.5800,"Wait",True,0.0000,"WAITING FOR MAJOR UPDATE"
4.1821,1,131,37,"SAFETY-SHIELDED WAIT AT BLIND CORNER",0.5800,"Wait",True,0.0000,"WAITING FOR MAJOR UPDATE"
4.2891,1,131,38,"SAFETY-SHIELDED WAIT AT BLIND CORNER",0.5800,"Wait",True,0.0000,"WAITING FOR MAJOR UPDATE"
4.3974,1,131,39,"SAFETY-SHIELDED WAIT AT BLIND CORNER",0.5800,"Wait",True,0.0000,"WAITING FOR MAJOR UPDATE"
4.5040,1,131,40,"SAFETY-SHIELDED WAIT AT BLIND CORNER",0.5800,"Wait",True,0.0000,"WAITING FOR MAJOR UPDATE"
4.6125,1,131,41,"SAFETY-SHIELDED WAIT AT BLIND CORNER",0.5800,"Wait",True,0.0000,"WAITING FOR MAJOR UPDATE"
4.7199,1,131,42,"SAFETY-SHIELDED WAIT AT BLIND CORNER",0.5800,"Wait",True,0.0000,"WAITING FOR MAJOR UPDATE"
4.8281,1,131,43,"SAFETY-SHIELDED WAIT AT BLIND CORNER",0.5800,"Wait",True,0.0000,"WAITING FOR MAJOR UPDATE"
4.9420,1,131,44,"SAFETY-SHIELDED WAIT AT BLIND CORNER",0.5800,"Wait",True,0.0000,"WAITING FOR MAJOR UPDATE"
5.0502,1,131,45,"SAFETY-SHIELDED WAIT AT BLIND CORNER",0.5800,"Wait",True,0.0000,"WAITING FOR MAJOR UPDATE"
5.1502,1,131,46,"SAFETY-SHIELDED WAIT AT BLIND CORNER",0.5800,"Wait",True,0.0000,"WAITING FOR MAJOR UPDATE"
5.2675,1,131,47,"SAFETY-SHIELDED WAIT AT BLIND CORNER",0.5800,"Wait",True,0.0000,"WAITING FOR MAJOR UPDATE"
5.3834,1,131,48,"SAFETY-SHIELDED WAIT AT BLIND CORNER",0.5800,"Wait",True,0.0000,"WAITING FOR MAJOR UPDATE"
5.4965,1,131,49,"SAFETY-SHIELDED WAIT AT BLIND CORNER",0.5800,"Wait",True,0.0000,"WAITING FOR MAJOR UPDATE"
5.6033,1,131,50,"SAFETY-SHIELDED WAIT AT BLIND CORNER",0.5800,"Wait",True,0.0000,"WAITING FOR MAJOR UPDATE"
5.7190,1,131,51,"SAFETY-SHIELDED WAIT AT BLIND CORNER",0.5800,"Wait",True,0.0000,"WAITING FOR MAJOR UPDATE"
5.8276,1,131,52,"SAFETY-SHIELDED WAIT AT BLIND CORNER",0.5800,"Wait",True,0.0000,"WAITING FOR MAJOR UPDATE"
5.9387,1,131,53,"SAFETY-SHIELDED WAIT AT BLIND CORNER",0.5800,"Wait",True,0.0000,"WAITING FOR MAJOR UPDATE"
6.0574,1,131,54,"SAFETY-SHIELDED WAIT AT BLIND CORNER",0.5800,"Wait",True,0.0000,"WAITING FOR MAJOR UPDATE"
6.1733,1,131,55,"SAFETY-SHIELDED WAIT AT BLIND CORNER",0.5800,"Wait",True,0.0000,"WAITING FOR MAJOR UPDATE"
6.2767,1,131,56,"SAFETY-SHIELDED WAIT AT BLIND CORNER",0.5800,"Wait",True,0.0000,"WAITING FOR MAJOR UPDATE"
6.3872,1,131,57,"SAFETY-SHIELDED WAIT AT BLIND CORNER",0.5800,"Wait",True,0.0000,"WAITING FOR MAJOR UPDATE"
6.4906,1,131,58,"SAFETY-SHIELDED WAIT AT BLIND CORNER",0.5800,"Wait",True,0.0000,"WAITING FOR MAJOR UPDATE"
6.5916,1,131,59,"SAFETY-SHIELDED WAIT AT BLIND CORNER",0.5800,"Wait",True,0.0000,"WAITING FOR MAJOR UPDATE"
6.6934,1,131,60,"SAFETY-SHIELDED WAIT AT BLIND CORNER",0.5800,"Wait",True,0.0000,"WAITING FOR MAJOR UPDATE"
6.7968,1,131,61,"SAFETY-SHIELDED WAIT AT BLIND CORNER",0.5800,"Wait",True,0.0000,"WAITING FOR MAJOR UPDATE"
6.9123,1,131,62,"SAFETY-SHIELDED WAIT AT BLIND CORNER",0.5800,"Wait",True,0.0000,"WAITING FOR MAJOR UPDATE"
7.0199,1,131,63,"SAFETY-SHIELDED WAIT AT BLIND CORNER",0.5800,"Wait",True,0.0000,"WAITING FOR MAJOR UPDATE"
7.1266,1,131,64,"SAFETY-SHIELDED WAIT AT BLIND CORNER",0.5800,"Wait",True,0.0000,"WAITING FOR MAJOR UPDATE"
7.2394,1,131,65,"SAFETY-SHIELDED WAIT AT BLIND CORNER",0.5800,"Wait",True,0.0000,"WAITING FOR MAJOR UPDATE"
7.3508,1,131,66,"SAFETY-SHIELDED WAIT AT BLIND CORNER",0.5800,"Wait",True,0.0000,"WAITING FOR MAJOR UPDATE"
7.4683,1,131,67,"SAFETY-SHIELDED WAIT AT BLIND CORNER",0.5800,"Wait",True,0.0000,"WAITING FOR MAJOR UPDATE"
7.5762,1,131,68,"SAFETY-SHIELDED WAIT AT BLIND CORNER",0.5800,"Wait",True,0.0000,"WAITING FOR MAJOR UPDATE"
7.6836,1,131,69,"SAFETY-SHIELDED WAIT AT BLIND CORNER",0.5800,"Wait",True,0.0000,"WAITING FOR MAJOR UPDATE"
7.7967,1,131,70,"SAFETY-SHIELDED WAIT AT BLIND CORNER",0.5800,"Wait",True,0.0000,"WAITING FOR MAJOR UPDATE"
7.9057,1,131,71,"SAFETY-SHIELDED WAIT AT BLIND CORNER",0.5800,"Wait",True,0.0000,"WAITING FOR MAJOR UPDATE"
8.0146,1,131,72,"SAFETY-SHIELDED WAIT AT BLIND CORNER",0.5800,"Wait",True,0.0000,"WAITING FOR MAJOR UPDATE"
8.1214,1,131,73,"SAFETY-SHIELDED WAIT AT BLIND CORNER",0.5800,"Wait",True,0.0000,"WAITING FOR MAJOR UPDATE"
8.2284,1,131,74,"SAFETY-SHIELDED WAIT AT BLIND CORNER",0.5800,"Wait",True,0.0000,"WAITING FOR MAJOR UPDATE"
8.3446,1,131,75,"SAFETY-SHIELDED WAIT AT BLIND CORNER",0.5800,"Wait",True,0.0000,"WAITING FOR MAJOR UPDATE"
8.4449,1,131,76,"SAFETY-SHIELDED WAIT AT BLIND CORNER",0.5800,"Wait",True,0.0000,"WAITING FOR MAJOR UPDATE"
8.5535,1,131,77,"SAFETY-SHIELDED WAIT AT BLIND CORNER",0.5800,"Wait",True,0.0000,"WAITING FOR MAJOR UPDATE"
8.6594,1,131,78,"SAFETY-SHIELDED WAIT AT BLIND CORNER",0.5800,"Wait",True,0.0000,"WAITING FOR MAJOR UPDATE"
8.7622,1,131,79,"SAFETY-SHIELDED WAIT AT BLIND CORNER",0.5800,"Wait",True,0.0000,"WAITING FOR MAJOR UPDATE"
8.8659,1,131,80,"SAFETY-SHIELDED WAIT AT BLIND CORNER",0.5800,"Wait",True,0.0000,"WAITING FOR MAJOR UPDATE"
8.9816,1,131,81,"SAFETY-SHIELDED WAIT AT BLIND CORNER",0.5800,"Wait",True,0.0000,"WAITING FOR MAJOR UPDATE"
9.0880,1,131,82,"PPO FORWARD — SAFE TRANSPORT TO D2",0.5800,"Forward",False,0.0000,"WAITING FOR MAJOR UPDATE"
9.2061,1,131,83,"PPO FORWARD — SAFE TRANSPORT TO D2",0.5800,"Forward",False,0.0000,"WAITING FOR MAJOR UPDATE"
9.3191,1,131,84,"PPO FORWARD — SAFE TRANSPORT TO D2",0.5800,"Forward",False,0.0000,"WAITING FOR MAJOR UPDATE"
9.4302,1,131,85,"PPO FORWARD — SAFE TRANSPORT TO D2",0.5800,"Forward",False,0.0000,"WAITING FOR MAJOR UPDATE"
9.5332,1,131,86,"PPO FORWARD — SAFE TRANSPORT TO D2",0.5800,"Forward",False,0.0000,"WAITING FOR MAJOR UPDATE"
9.6400,1,131,87,"PPO FORWARD — SAFE TRANSPORT TO D2",0.5800,"Forward",False,0.0000,"WAITING FOR MAJOR UPDATE"
9.7454,1,131,88,"PPO FORWARD — SAFE TRANSPORT TO D2",0.5800,"Forward",False,0.0000,"WAITING FOR MAJOR UPDATE"
9.8509,1,131,89,"PPO FORWARD — SAFE TRANSPORT TO D2",0.5800,"Forward",False,0.0000,"WAITING FOR MAJOR UPDATE"
9.9582,1,131,90,"PPO FORWARD — SAFE TRANSPORT TO D2",0.5800,"Forward",False,0.0000,"WAITING FOR MAJOR UPDATE"
10.0669,1,131,91,"PPO FORWARD — SAFE TRANSPORT TO D2",0.5800,"Forward",False,0.0000,"WAITING FOR MAJOR UPDATE"
10.1949,1,131,92,"PPO FORWARD — SAFE TRANSPORT TO D2",0.5800,"Forward",False,0.0000,"WAITING FOR MAJOR UPDATE"
10.3006,1,131,93,"PPO FORWARD — SAFE TRANSPORT TO D2",0.5800,"Forward",False,0.0000,"WAITING FOR MAJOR UPDATE"
10.4049,1,131,94,"PPO FORWARD — SAFE TRANSPORT TO D2",0.5800,"Forward",False,0.0000,"WAITING FOR MAJOR UPDATE"
10.5090,1,131,95,"PPO FORWARD — SAFE TRANSPORT TO D2",0.5800,"Forward",False,0.0000,"WAITING FOR MAJOR UPDATE"
10.6145,1,131,96,"PPO FORWARD — SAFE TRANSPORT TO D2",0.5800,"Forward",False,0.0000,"WAITING FOR MAJOR UPDATE"
10.7220,1,131,97,"PPO FORWARD — SAFE TRANSPORT TO D2",0.5800,"Forward",False,0.0000,"WAITING FOR MAJOR UPDATE"
10.8288,1,131,98,"PPO FORWARD — SAFE TRANSPORT TO D2",0.5800,"Forward",False,0.0000,"WAITING FOR MAJOR UPDATE"
10.9334,1,131,99,"PPO FORWARD — SAFE TRANSPORT TO D2",0.5800,"Forward",False,0.0000,"WAITING FOR MAJOR UPDATE"
11.0370,1,131,100,"PPO FORWARD — SAFE TRANSPORT TO D2",0.5800,"Forward",False,0.0000,"WAITING FOR MAJOR UPDATE"
11.1457,1,131,101,"PPO FORWARD — SAFE TRANSPORT TO D2",0.5800,"Forward",False,0.0000,"WAITING FOR MAJOR UPDATE"
11.2514,1,131,102,"PPO FORWARD — SAFE TRANSPORT TO D2",0.5800,"Forward",False,0.0000,"WAITING FOR MAJOR UPDATE"
11.3611,1,131,103,"PPO FORWARD — SAFE TRANSPORT TO D2",0.5800,"Forward",False,0.0000,"WAITING FOR MAJOR UPDATE"
11.4644,1,131,104,"PPO FORWARD — SAFE TRANSPORT TO D2",0.5800,"Forward",False,0.0000,"WAITING FOR MAJOR UPDATE"
11.5709,1,131,105,"PPO FORWARD — SAFE TRANSPORT TO D2",0.5800,"Forward",False,0.0000,"WAITING FOR MAJOR UPDATE"
11.6774,1,131,106,"PPO FORWARD — SAFE TRANSPORT TO D2",0.5800,"Forward",False,0.0000,"WAITING FOR MAJOR UPDATE"
11.7849,1,131,107,"PPO FORWARD — SAFE TRANSPORT TO D2",0.5800,"Forward",False,0.0000,"WAITING FOR MAJOR UPDATE"
11.8904,1,131,108,"PPO FORWARD — SAFE TRANSPORT TO D2",0.5800,"Forward",False,0.0000,"WAITING FOR MAJOR UPDATE"
11.9979,1,131,109,"PPO FORWARD — SAFE TRANSPORT TO D2",0.5800,"Forward",False,0.0000,"WAITING FOR MAJOR UPDATE"
12.1046,1,131,110,"PPO FORWARD — SAFE TRANSPORT TO D2",0.5800,"Forward",False,0.0000,"WAITING FOR MAJOR UPDATE"
12.2116,1,131,111,"PPO FORWARD — SAFE TRANSPORT TO D2",0.5800,"Forward",False,0.0000,"WAITING FOR MAJOR UPDATE"
12.3199,1,131,112,"PPO FORWARD — SAFE TRANSPORT TO D2",0.5800,"Forward",False,0.0000,"WAITING FOR MAJOR UPDATE"
12.4355,1,131,113,"PPO FORWARD — SAFE TRANSPORT TO D2",0.5800,"Forward",False,0.0000,"WAITING FOR MAJOR UPDATE"
12.5521,1,131,114,"PPO FORWARD — SAFE TRANSPORT TO D2",0.5800,"Forward",False,0.0000,"WAITING FOR MAJOR UPDATE"
12.6637,1,131,115,"PPO FORWARD — SAFE TRANSPORT TO D2",0.5800,"Forward",False,0.0000,"WAITING FOR MAJOR UPDATE"
12.7720,1,131,116,"PPO FORWARD — SAFE TRANSPORT TO D2",0.5800,"Forward",False,0.0000,"WAITING FOR MAJOR UPDATE"
12.8917,1,131,117,"PPO FORWARD — SAFE TRANSPORT TO D2",0.5800,"Forward",False,0.0000,"WAITING FOR MAJOR UPDATE"
13.0001,1,131,118,"PPO FORWARD — SAFE TRANSPORT TO D2",0.5800,"Forward",False,0.0000,"WAITING FOR MAJOR UPDATE"
13.1107,1,131,119,"PPO FORWARD — SAFE TRANSPORT TO D2",0.5800,"Forward",False,0.0000,"WAITING FOR MAJOR UPDATE"
13.2231,1,131,120,"PPO FORWARD — SAFE TRANSPORT TO D2",0.5800,"Forward",False,0.0000,"WAITING FOR MAJOR UPDATE"
13.3331,1,131,121,"PPO FORWARD — SAFE TRANSPORT TO D2",0.5800,"Forward",False,0.0000,"WAITING FOR MAJOR UPDATE"
13.4479,1,131,122,"PPO FORWARD — SAFE TRANSPORT TO D2",0.5800,"Forward",False,0.0000,"WAITING FOR MAJOR UPDATE"
13.5623,1,131,123,"PPO FORWARD — SAFE TRANSPORT TO D2",0.5800,"Forward",False,0.0000,"WAITING FOR MAJOR UPDATE"
13.6811,1,131,124,"PPO FORWARD — SAFE TRANSPORT TO D2",0.5800,"Forward",False,0.0000,"WAITING FOR MAJOR UPDATE"
13.7911,1,131,125,"PPO FORWARD — SAFE TRANSPORT TO D2",0.5800,"Forward",False,0.0000,"WAITING FOR MAJOR UPDATE"
13.9059,1,131,126,"PPO FORWARD — SAFE TRANSPORT TO D2",0.5800,"Forward",False,0.0000,"WAITING FOR MAJOR UPDATE"
14.0168,1,131,127,"PPO FORWARD — SAFE TRANSPORT TO D2",0.5800,"Forward",False,0.0000,"WAITING FOR MAJOR UPDATE"
14.1254,1,131,128,"PPO FORWARD — SAFE TRANSPORT TO D2",0.5800,"Forward",False,0.0000,"WAITING FOR MAJOR UPDATE"
14.2371,1,131,129,"PPO FORWARD — SAFE TRANSPORT TO D2",0.5800,"Forward",False,0.0000,"WAITING FOR MAJOR UPDATE"
14.3469,1,131,130,"PPO FORWARD — SAFE TRANSPORT TO D2",0.5800,"Forward",False,0.0000,"WAITING FOR MAJOR UPDATE"
14.4578,1,131,131,"PPO FORWARD — SAFE TRANSPORT TO D2",0.5800,"Forward",False,0.0000,"WAITING FOR MAJOR UPDATE"
14.5739,1,131,132,"PPO FORWARD — SAFE TRANSPORT TO D2",0.5800,"Forward",False,0.0000,"WAITING FOR MAJOR UPDATE"
14.6909,1,131,133,"PPO FORWARD — SAFE TRANSPORT TO D2",0.5800,"Forward",False,0.0000,"WAITING FOR MAJOR UPDATE"
14.8073,1,131,134,"PPO FORWARD — SAFE TRANSPORT TO D2",0.5800,"Forward",False,0.0000,"WAITING FOR MAJOR UPDATE"
14.9120,1,131,135,"PPO FORWARD — SAFE TRANSPORT TO D2",0.5800,"Forward",False,0.0000,"WAITING FOR MAJOR UPDATE"
15.0265,1,131,136,"PPO FORWARD — SAFE TRANSPORT TO D2",0.5800,"Forward",False,0.0000,"WAITING FOR MAJOR UPDATE"
15.1381,1,131,137,"PPO FORWARD — SAFE TRANSPORT TO D2",0.5800,"Forward",False,0.0000,"WAITING FOR MAJOR UPDATE"
15.2401,1,131,138,"PPO FORWARD — SAFE TRANSPORT TO D2",0.5800,"Forward",False,0.0000,"WAITING FOR MAJOR UPDATE"
15.3507,1,131,139,"PPO FORWARD — SAFE TRANSPORT TO D2",0.5800,"Forward",False,0.0000,"WAITING FOR MAJOR UPDATE"
15.4533,1,131,140,"PPO FORWARD — SAFE TRANSPORT TO D2",0.5800,"Forward",False,0.0000,"WAITING FOR MAJOR UPDATE"
15.5669,1,131,141,"PPO FORWARD — SAFE TRANSPORT TO D2",0.5800,"Forward",False,0.0000,"WAITING FOR MAJOR UPDATE"
15.6826,1,131,142,"PPO FORWARD — SAFE TRANSPORT TO D2",0.5800,"Forward",False,0.0000,"WAITING FOR MAJOR UPDATE"
15.7977,1,131,143,"PPO FORWARD — SAFE TRANSPORT TO D2",0.5800,"Forward",False,0.0000,"WAITING FOR MAJOR UPDATE"
15.9140,1,131,144,"PPO FORWARD — SAFE TRANSPORT TO D2",0.5800,"Forward",False,0.0000,"WAITING FOR MAJOR UPDATE"
16.0266,1,131,145,"PPO FORWARD — SAFE TRANSPORT TO D2",0.5800,"Forward",False,0.0000,"WAITING FOR MAJOR UPDATE"
16.1405,1,131,146,"PPO FORWARD — SAFE TRANSPORT TO D2",0.5800,"Forward",False,0.0000,"WAITING FOR MAJOR UPDATE"
16.2510,1,131,147,"PPO FORWARD — SAFE TRANSPORT TO D2",0.5800,"Forward",False,0.0000,"WAITING FOR MAJOR UPDATE"
16.3641,1,131,148,"PPO FORWARD — SAFE TRANSPORT TO D2",0.5800,"Forward",False,0.0000,"WAITING FOR MAJOR UPDATE"
16.4749,1,131,149,"PPO FORWARD — SAFE TRANSPORT TO D2",0.5800,"Forward",False,0.0000,"WAITING FOR MAJOR UPDATE"
16.5881,1,131,150,"PPO FORWARD — SAFE TRANSPORT TO D2",0.5800,"Forward",False,0.0000,"WAITING FOR MAJOR UPDATE"
16.6983,1,131,151,"PPO FORWARD — SAFE TRANSPORT TO D2",0.5800,"Forward",False,0.0000,"WAITING FOR MAJOR UPDATE"
16.8090,1,131,152,"PPO FORWARD — SAFE TRANSPORT TO D2",0.5800,"Forward",False,0.0000,"WAITING FOR MAJOR UPDATE"
16.9217,1,131,153,"PPO FORWARD — SAFE TRANSPORT TO D2",0.5800,"Forward",False,0.0000,"WAITING FOR MAJOR UPDATE"
17.0334,1,131,154,"PPO FORWARD — SAFE TRANSPORT TO D2",0.5800,"Forward",False,0.0000,"WAITING FOR MAJOR UPDATE"
17.1339,1,131,155,"PPO FORWARD — SAFE TRANSPORT TO D2",0.5800,"Forward",False,0.0000,"WAITING FOR MAJOR UPDATE"
17.2442,1,131,156,"PPO FORWARD — SAFE TRANSPORT TO D2",0.5800,"Forward",False,0.0000,"WAITING FOR MAJOR UPDATE"
17.3563,1,131,157,"PPO FORWARD — SAFE TRANSPORT TO D2",0.5800,"Forward",False,0.0000,"WAITING FOR MAJOR UPDATE"
17.4674,1,131,158,"PPO FORWARD — SAFE TRANSPORT TO D2",0.5800,"Forward",False,0.0000,"WAITING FOR MAJOR UPDATE"
17.5851,1,131,159,"PPO FORWARD — SAFE TRANSPORT TO D2",0.5800,"Forward",False,0.0000,"WAITING FOR MAJOR UPDATE"
17.6938,1,131,160,"PPO FORWARD — SAFE TRANSPORT TO D2",0.5800,"Forward",False,0.0000,"WAITING FOR MAJOR UPDATE"
17.8098,1,131,161,"PPO FORWARD — SAFE TRANSPORT TO D2",0.5800,"Forward",False,0.0000,"WAITING FOR MAJOR UPDATE"
17.9211,1,131,162,"PPO FORWARD — SAFE TRANSPORT TO D2",0.5800,"Forward",False,0.0000,"WAITING FOR MAJOR UPDATE"
18.0315,1,131,163,"PPO FORWARD — SAFE TRANSPORT TO D2",0.5800,"Forward",False,0.0000,"WAITING FOR MAJOR UPDATE"
18.1424,1,131,164,"PPO FORWARD — SAFE TRANSPORT TO D2",0.5800,"Forward",False,0.0000,"WAITING FOR MAJOR UPDATE"
18.2563,1,131,165,"PPO FORWARD — SAFE TRANSPORT TO D2",0.5800,"Forward",False,0.0000,"WAITING FOR MAJOR UPDATE"
18.3740,1,131,166,"PPO FORWARD — SAFE TRANSPORT TO D2",0.5800,"Forward",False,0.0000,"WAITING FOR MAJOR UPDATE"
18.4845,1,131,167,"PPO FORWARD — SAFE TRANSPORT TO D2",0.5800,"Forward",False,0.0000,"WAITING FOR MAJOR UPDATE"
18.6023,1,131,168,"PPO FORWARD — SAFE TRANSPORT TO D2",0.5800,"Forward",False,0.0000,"WAITING FOR MAJOR UPDATE"
18.7118,1,131,169,"PPO FORWARD — SAFE TRANSPORT TO D2",0.5800,"Forward",False,0.0000,"WAITING FOR MAJOR UPDATE"
18.8258,1,131,170,"PPO FORWARD — SAFE TRANSPORT TO D2",0.5800,"Forward",False,0.0000,"WAITING FOR MAJOR UPDATE"
18.9376,1,131,171,"PPO FORWARD — SAFE TRANSPORT TO D2",0.5800,"Forward",False,0.0000,"WAITING FOR MAJOR UPDATE"
19.0487,1,131,172,"PPO FORWARD — SAFE TRANSPORT TO D2",0.5800,"Forward",False,0.0000,"WAITING FOR MAJOR UPDATE"
19.1563,1,131,173,"PPO FORWARD — SAFE TRANSPORT TO D2",0.5800,"Forward",False,0.0000,"WAITING FOR MAJOR UPDATE"
19.2644,1,131,174,"PPO FORWARD — SAFE TRANSPORT TO D2",0.5800,"Forward",False,0.0000,"WAITING FOR MAJOR UPDATE"
19.3728,1,131,175,"PPO FORWARD — SAFE TRANSPORT TO D2",0.5800,"Forward",False,0.0000,"WAITING FOR MAJOR UPDATE"
19.4833,1,131,176,"PPO FORWARD — SAFE TRANSPORT TO D2",0.5800,"Forward",False,0.0000,"WAITING FOR MAJOR UPDATE"
19.5899,1,131,177,"PPO FORWARD — SAFE TRANSPORT TO D2",0.5800,"Forward",False,0.0000,"WAITING FOR MAJOR UPDATE"
19.6997,1,131,178,"PPO FORWARD — SAFE TRANSPORT TO D2",0.5800,"Forward",False,0.0000,"WAITING FOR MAJOR UPDATE"
19.8077,1,131,179,"PPO FORWARD — SAFE TRANSPORT TO D2",0.5800,"Forward",False,0.0000,"WAITING FOR MAJOR UPDATE"
19.9160,1,131,180,"PPO FORWARD — SAFE TRANSPORT TO D2",0.5800,"Forward",False,0.0000,"WAITING FOR MAJOR UPDATE"
20.0305,1,131,181,"PPO FORWARD — SAFE TRANSPORT TO D2",0.5800,"Forward",False,0.0000,"WAITING FOR MAJOR UPDATE"
20.1433,1,131,182,"PPO FORWARD — SAFE TRANSPORT TO D2",0.5800,"Forward",False,0.0000,"WAITING FOR MAJOR UPDATE"
20.2508,1,131,183,"PPO FORWARD — SAFE TRANSPORT TO D2",0.5800,"Forward",False,0.0000,"WAITING FOR MAJOR UPDATE"
20.3562,1,131,184,"PPO FORWARD — SAFE TRANSPORT TO D2",0.5800,"Forward",False,0.0000,"WAITING FOR MAJOR UPDATE"
20.4675,1,131,185,"PPO FORWARD — SAFE TRANSPORT TO D2",0.5800,"Forward",False,0.0000,"WAITING FOR MAJOR UPDATE"
20.5846,1,131,186,"PPO FORWARD — SAFE TRANSPORT TO D2",0.5800,"Forward",False,0.0000,"WAITING FOR MAJOR UPDATE"
20.6850,1,131,187,"PPO FORWARD — SAFE TRANSPORT TO D2",0.5800,"Forward",False,0.0000,"WAITING FOR MAJOR UPDATE"
20.7995,1,131,188,"PPO FORWARD — SAFE TRANSPORT TO D2",0.5800,"Forward",False,0.0000,"WAITING FOR MAJOR UPDATE"
20.9149,1,131,189,"PPO FORWARD — SAFE TRANSPORT TO D2",0.5800,"Forward",False,0.0000,"WAITING FOR MAJOR UPDATE"
21.0283,1,131,190,"PPO FORWARD — SAFE TRANSPORT TO D2",0.5800,"Forward",False,0.0000,"WAITING FOR MAJOR UPDATE"
21.1330,1,131,191,"PPO FORWARD — SAFE TRANSPORT TO D2",0.5800,"Forward",False,0.0000,"WAITING FOR MAJOR UPDATE"
21.2515,1,131,192,"PPO FORWARD — SAFE TRANSPORT TO D2",0.5800,"Forward",False,0.0000,"WAITING FOR MAJOR UPDATE"
21.3615,1,131,193,"PPO FORWARD — SAFE TRANSPORT TO D2",0.5800,"Forward",False,0.0000,"WAITING FOR MAJOR UPDATE"
21.4640,1,131,194,"PPO FORWARD — SAFE TRANSPORT TO D2",0.5800,"Forward",False,0.0000,"WAITING FOR MAJOR UPDATE"
21.5654,1,131,195,"PPO FORWARD — SAFE TRANSPORT TO D2",0.5800,"Forward",False,0.0000,"WAITING FOR MAJOR UPDATE"
21.6816,1,131,196,"PPO FORWARD — SAFE TRANSPORT TO D2",0.5800,"Forward",False,0.0000,"WAITING FOR MAJOR UPDATE"
21.7912,1,131,197,"PPO FORWARD — SAFE TRANSPORT TO D2",0.5800,"Forward",False,0.0000,"WAITING FOR MAJOR UPDATE"
21.9086,1,131,198,"PPO FORWARD — SAFE TRANSPORT TO D2",0.5800,"Forward",False,0.0000,"WAITING FOR MAJOR UPDATE"
22.0108,1,131,199,"PPO FORWARD — SAFE TRANSPORT TO D2",0.5800,"Forward",False,0.0000,"WAITING FOR MAJOR UPDATE"
22.1351,1,131,200,"PPO FORWARD — SAFE TRANSPORT TO D2",0.5800,"Forward",False,0.0000,"WAITING FOR MAJOR UPDATE"
22.2440,1,131,201,"PPO FORWARD — SAFE TRANSPORT TO D2",0.5800,"Forward",False,0.0000,"WAITING FOR MAJOR UPDATE"
22.3444,1,131,202,"PPO FORWARD — SAFE TRANSPORT TO D2",0.5800,"Forward",False,0.0000,"WAITING FOR MAJOR UPDATE"
22.4446,1,131,203,"PPO FORWARD — SAFE TRANSPORT TO D2",0.5800,"Forward",False,0.0000,"WAITING FOR MAJOR UPDATE"
22.5452,1,131,204,"PPO FORWARD — SAFE TRANSPORT TO D2",0.5800,"Forward",False,0.0000,"WAITING FOR MAJOR UPDATE"
22.6637,1,131,205,"PPO FORWARD — SAFE TRANSPORT TO D2",0.5800,"Forward",False,0.0000,"WAITING FOR MAJOR UPDATE"
22.7662,1,131,206,"PPO FORWARD — SAFE TRANSPORT TO D2",0.5800,"Forward",False,0.0000,"WAITING FOR MAJOR UPDATE"
22.8827,1,131,207,"PPO FORWARD — SAFE TRANSPORT TO D2",0.5800,"Forward",False,0.0000,"WAITING FOR MAJOR UPDATE"
22.9953,1,131,208,"PPO FORWARD — SAFE TRANSPORT TO D2",0.5800,"Forward",False,0.0000,"WAITING FOR MAJOR UPDATE"
23.1048,1,131,209,"PPO FORWARD — SAFE TRANSPORT TO D2",0.5800,"Forward",False,0.0000,"WAITING FOR MAJOR UPDATE"
23.2165,1,131,210,"PPO FORWARD — SAFE TRANSPORT TO D2",0.5800,"Forward",False,0.0000,"WAITING FOR MAJOR UPDATE"
23.3257,1,131,211,"PPO FORWARD — SAFE TRANSPORT TO D2",0.5800,"Forward",False,0.0000,"WAITING FOR MAJOR UPDATE"
23.4369,1,131,212,"PPO FORWARD — SAFE TRANSPORT TO D2",0.5800,"Forward",False,0.0000,"WAITING FOR MAJOR UPDATE"
23.5521,1,131,213,"PPO FORWARD — SAFE TRANSPORT TO D2",0.5800,"Forward",False,0.0000,"WAITING FOR MAJOR UPDATE"
23.6648,1,131,214,"PPO FORWARD — SAFE TRANSPORT TO D2",0.5800,"Forward",False,0.0000,"WAITING FOR MAJOR UPDATE"
23.7754,1,131,215,"PPO FORWARD — SAFE TRANSPORT TO D2",0.5800,"Forward",False,0.0000,"WAITING FOR MAJOR UPDATE"
23.8916,1,131,216,"PPO FORWARD — SAFE TRANSPORT TO D2",0.5800,"Forward",False,0.0000,"WAITING FOR MAJOR UPDATE"
24.0037,1,131,217,"PPO FORWARD — SAFE TRANSPORT TO D2",0.5800,"Forward",False,0.0000,"WAITING FOR MAJOR UPDATE"
24.1150,1,131,218,"PPO FORWARD — SAFE TRANSPORT TO D2",0.5800,"Forward",False,0.0000,"WAITING FOR MAJOR UPDATE"
24.2246,1,131,219,"PPO FORWARD — SAFE TRANSPORT TO D2",0.5800,"Forward",False,0.0000,"WAITING FOR MAJOR UPDATE"
24.3358,1,131,220,"PPO FORWARD — SAFE TRANSPORT TO D2",0.5800,"Forward",False,0.0000,"WAITING FOR MAJOR UPDATE"
24.4459,1,131,221,"PPO FORWARD — SAFE TRANSPORT TO D2",0.5800,"Forward",False,0.0000,"WAITING FOR MAJOR UPDATE"
24.5609,1,131,222,"PPO FORWARD — SAFE TRANSPORT TO D2",0.5800,"Forward",False,0.0000,"WAITING FOR MAJOR UPDATE"
24.6707,1,131,223,"PPO FORWARD — SAFE TRANSPORT TO D2",0.5800,"Forward",False,0.0000,"WAITING FOR MAJOR UPDATE"
24.7825,1,131,224,"PPO FORWARD — SAFE TRANSPORT TO D2",0.5800,"Forward",False,0.0000,"WAITING FOR MAJOR UPDATE"
24.8949,1,131,225,"PPO FORWARD — SAFE TRANSPORT TO D2",0.5800,"Forward",False,0.0000,"WAITING FOR MAJOR UPDATE"
25.0085,1,131,226,"PPO FORWARD — SAFE TRANSPORT TO D2",0.5800,"Forward",False,0.0000,"WAITING FOR MAJOR UPDATE"
25.1217,1,131,227,"PPO FORWARD — SAFE TRANSPORT TO D2",0.5800,"Forward",False,0.0000,"WAITING FOR MAJOR UPDATE"
25.2308,1,131,228,"PPO FORWARD — SAFE TRANSPORT TO D2",0.5800,"Forward",False,0.0000,"WAITING FOR MAJOR UPDATE"
25.3385,1,131,229,"PPO FORWARD — SAFE TRANSPORT TO D2",0.5800,"Forward",False,0.0000,"WAITING FOR MAJOR UPDATE"
25.4543,1,131,230,"PPO FORWARD — SAFE TRANSPORT TO D2",0.5800,"Forward",False,0.0000,"WAITING FOR MAJOR UPDATE"
25.5683,1,131,231,"PPO FORWARD — SAFE TRANSPORT TO D2",0.5800,"Forward",False,0.0000,"WAITING FOR MAJOR UPDATE"
25.6822,1,131,232,"PPO FORWARD — SAFE TRANSPORT TO D2",0.5800,"Forward",False,0.0000,"WAITING FOR MAJOR UPDATE"
25.7827,1,131,233,"PPO FORWARD — SAFE TRANSPORT TO D2",0.5800,"Forward",False,0.0000,"WAITING FOR MAJOR UPDATE"
25.8950,1,131,234,"PPO FORWARD — SAFE TRANSPORT TO D2",0.5800,"Forward",False,0.0000,"WAITING FOR MAJOR UPDATE"
26.0079,1,131,235,"PPO FORWARD — SAFE TRANSPORT TO D2",0.5800,"Forward",False,0.0000,"WAITING FOR MAJOR UPDATE"
26.1199,1,131,236,"PPO FORWARD — SAFE TRANSPORT TO D2",0.5800,"Forward",False,0.0000,"WAITING FOR MAJOR UPDATE"
26.2307,1,131,237,"PPO FORWARD — SAFE TRANSPORT TO D2",0.5800,"Forward",False,0.0000,"WAITING FOR MAJOR UPDATE"
26.3446,1,131,238,"PPO FORWARD — SAFE TRANSPORT TO D2",0.5800,"Forward",False,0.0000,"WAITING FOR MAJOR UPDATE"
26.4612,1,131,239,"PPO FORWARD — SAFE TRANSPORT TO D2",0.5800,"Forward",False,0.0000,"WAITING FOR MAJOR UPDATE"
26.5745,1,131,240,"PPO FORWARD — SAFE TRANSPORT TO D2",0.5800,"Forward",False,0.0000,"WAITING FOR MAJOR UPDATE"
26.6888,1,131,241,"PPO FORWARD — SAFE TRANSPORT TO D2",0.5800,"Forward",False,0.0000,"WAITING FOR MAJOR UPDATE"
26.7900,1,131,242,"PPO FORWARD — SAFE TRANSPORT TO D2",0.5800,"Forward",False,0.0000,"WAITING FOR MAJOR UPDATE"
26.8919,1,131,243,"PPO FORWARD — SAFE TRANSPORT TO D2",0.5800,"Forward",False,0.0000,"WAITING FOR MAJOR UPDATE"
27.0081,1,131,244,"PPO FORWARD — SAFE TRANSPORT TO D2",0.5800,"Forward",False,0.0000,"WAITING FOR MAJOR UPDATE"
27.1092,1,131,245,"PPO FORWARD — SAFE TRANSPORT TO D2",0.5800,"Forward",False,0.0000,"WAITING FOR MAJOR UPDATE"
27.2160,1,131,246,"PPO FORWARD — SAFE TRANSPORT TO D2",0.5800,"Forward",False,0.0000,"WAITING FOR MAJOR UPDATE"
27.3354,1,131,247,"PPO FORWARD — SAFE TRANSPORT TO D2",0.5800,"Forward",False,0.0000,"WAITING FOR MAJOR UPDATE"
27.4374,1,131,248,"PPO FORWARD — SAFE TRANSPORT TO D2",0.5800,"Forward",False,0.0000,"WAITING FOR MAJOR UPDATE"
27.5418,1,131,249,"PPO FORWARD — SAFE TRANSPORT TO D2",0.5800,"Forward",False,0.0000,"WAITING FOR MAJOR UPDATE"
27.6571,1,131,250,"PPO FORWARD — SAFE TRANSPORT TO D2",0.5800,"Forward",False,0.0000,"WAITING FOR MAJOR UPDATE"
27.7765,1,131,251,"PPO FORWARD — SAFE TRANSPORT TO D2",0.5800,"Forward",False,0.0000,"WAITING FOR MAJOR UPDATE"
27.8876,1,131,252,"PPO FORWARD — SAFE TRANSPORT TO D2",0.5800,"Forward",False,0.0000,"WAITING FOR MAJOR UPDATE"
27.9990,1,131,253,"PPO FORWARD — SAFE TRANSPORT TO D2",0.5800,"Forward",False,0.0000,"WAITING FOR MAJOR UPDATE"
28.1127,1,131,254,"PPO FORWARD — SAFE TRANSPORT TO D2",0.5800,"Forward",False,0.0000,"WAITING FOR MAJOR UPDATE"
28.2226,1,131,255,"PPO FORWARD — SAFE TRANSPORT TO D2",0.5800,"Forward",False,0.0000,"WAITING FOR MAJOR UPDATE"
28.3344,1,131,256,"PPO FORWARD — SAFE TRANSPORT TO D2",0.5800,"Forward",False,0.0000,"WAITING FOR MAJOR UPDATE"
28.4448,1,131,257,"PPO FORWARD — SAFE TRANSPORT TO D2",0.5800,"Forward",False,0.0000,"WAITING FOR MAJOR UPDATE"
28.5548,1,131,258,"PPO FORWARD — SAFE TRANSPORT TO D2",0.5800,"Forward",False,0.0000,"WAITING FOR MAJOR UPDATE"
28.6711,1,131,259,"PPO FORWARD — SAFE TRANSPORT TO D2",0.5800,"Forward",False,0.0000,"WAITING FOR MAJOR UPDATE"
28.7820,1,131,260,"PPO FORWARD — SAFE TRANSPORT TO D2",0.5800,"Forward",False,0.0000,"WAITING FOR MAJOR UPDATE"
28.8917,1,131,261,"PPO FORWARD — SAFE TRANSPORT TO D2",0.5800,"Forward",False,0.0000,"WAITING FOR MAJOR UPDATE"
29.0070,1,131,262,"PPO FORWARD — SAFE TRANSPORT TO D2",0.5800,"Forward",False,0.0000,"WAITING FOR MAJOR UPDATE"
29.1199,1,131,263,"PPO FORWARD — SAFE TRANSPORT TO D2",0.5800,"Forward",False,0.0000,"WAITING FOR MAJOR UPDATE"
29.2299,1,131,264,"PPO FORWARD — SAFE TRANSPORT TO D2",0.5800,"Forward",False,0.0000,"WAITING FOR MAJOR UPDATE"
29.3410,1,131,265,"PPO FORWARD — SAFE TRANSPORT TO D2",0.5800,"Forward",False,0.0000,"WAITING FOR MAJOR UPDATE"
29.4519,1,131,266,"PPO FORWARD — SAFE TRANSPORT TO D2",0.5800,"Forward",False,0.0000,"WAITING FOR MAJOR UPDATE"
29.5628,1,131,267,"PPO FORWARD — SAFE TRANSPORT TO D2",0.5800,"Forward",False,0.0000,"WAITING FOR MAJOR UPDATE"
29.6712,1,131,268,"PPO FORWARD — SAFE TRANSPORT TO D2",0.5800,"Forward",False,0.0000,"WAITING FOR MAJOR UPDATE"
29.7854,1,131,269,"PPO FORWARD — SAFE TRANSPORT TO D2",0.5800,"Forward",False,0.0000,"WAITING FOR MAJOR UPDATE"
29.8969,1,131,270,"PPO FORWARD — SAFE TRANSPORT TO D2",0.5800,"Forward",False,0.0000,"WAITING FOR MAJOR UPDATE"
30.0141,1,131,271,"PPO FORWARD — SAFE TRANSPORT TO D2",0.5800,"Forward",False,0.0000,"WAITING FOR MAJOR UPDATE"
30.1299,1,131,272,"PPO FORWARD — SAFE TRANSPORT TO D2",0.5800,"Forward",False,0.0000,"WAITING FOR MAJOR UPDATE"
30.2447,1,131,273,"PPO FORWARD — SAFE TRANSPORT TO D2",0.5800,"Forward",False,0.0000,"WAITING FOR MAJOR UPDATE"
30.3630,1,131,274,"PPO FORWARD — SAFE TRANSPORT TO D2",0.5800,"Forward",False,0.0000,"WAITING FOR MAJOR UPDATE"
30.4817,1,131,275,"PPO FORWARD — SAFE TRANSPORT TO D2",0.5800,"Forward",False,0.0000,"WAITING FOR MAJOR UPDATE"
30.5976,1,131,276,"PPO FORWARD — SAFE TRANSPORT TO D2",0.5800,"Forward",False,0.0000,"WAITING FOR MAJOR UPDATE"
30.7115,1,131,277,"PPO FORWARD — SAFE TRANSPORT TO D2",0.5800,"Forward",False,0.0000,"WAITING FOR MAJOR UPDATE"
30.8286,1,131,278,"PPO FORWARD — SAFE TRANSPORT TO D2",0.5800,"Forward",False,0.0000,"WAITING FOR MAJOR UPDATE"
30.9392,1,131,279,"PPO FORWARD — SAFE TRANSPORT TO D2",0.5800,"Forward",False,0.0000,"WAITING FOR MAJOR UPDATE"
31.0501,1,131,280,"PPO FORWARD — SAFE TRANSPORT TO D2",0.5800,"Forward",False,0.0000,"WAITING FOR MAJOR UPDATE"
31.1605,1,131,281,"PPO FORWARD — SAFE TRANSPORT TO D2",0.5800,"Forward",False,0.0000,"WAITING FOR MAJOR UPDATE"
31.2707,1,131,282,"PPO FORWARD — SAFE TRANSPORT TO D2",0.5800,"Forward",False,0.0000,"WAITING FOR MAJOR UPDATE"
31.3820,1,131,283,"PPO FORWARD — SAFE TRANSPORT TO D2",0.5800,"Forward",False,0.0000,"WAITING FOR MAJOR UPDATE"
31.4935,1,131,284,"PPO FORWARD — SAFE TRANSPORT TO D2",0.5800,"Forward",False,0.0000,"WAITING FOR MAJOR UPDATE"
31.6039,1,131,285,"PPO FORWARD — SAFE TRANSPORT TO D2",0.5800,"Forward",False,0.0000,"WAITING FOR MAJOR UPDATE"
31.7160,1,131,286,"PPO FORWARD — SAFE TRANSPORT TO D2",0.5800,"Forward",False,0.0000,"WAITING FOR MAJOR UPDATE"
31.8232,1,131,287,"PPO FORWARD — SAFE TRANSPORT TO D2",0.5800,"Forward",False,0.0000,"WAITING FOR MAJOR UPDATE"
31.9339,1,131,288,"PPO FORWARD — SAFE TRANSPORT TO D2",0.5800,"Forward",False,0.0000,"WAITING FOR MAJOR UPDATE"
32.0457,1,131,289,"PPO FORWARD — SAFE TRANSPORT TO D2",0.5800,"Forward",False,0.0000,"WAITING FOR MAJOR UPDATE"
32.1570,1,131,290,"PPO FORWARD — SAFE TRANSPORT TO D2",0.5800,"Forward",False,0.0000,"WAITING FOR MAJOR UPDATE"
32.2682,1,131,291,"PPO FORWARD — SAFE TRANSPORT TO D2",0.5800,"Forward",False,0.0000,"WAITING FOR MAJOR UPDATE"
32.3772,1,131,292,"PPO FORWARD — SAFE TRANSPORT TO D2",0.5800,"Forward",False,0.0000,"WAITING FOR MAJOR UPDATE"
32.4904,1,131,293,"PPO FORWARD — SAFE TRANSPORT TO D2",0.5800,"Forward",False,0.0000,"WAITING FOR MAJOR UPDATE"
32.6001,1,131,294,"PPO FORWARD — SAFE TRANSPORT TO D2",0.5800,"Forward",False,0.0000,"WAITING FOR MAJOR UPDATE"
32.7099,1,131,295,"PPO FORWARD — SAFE TRANSPORT TO D2",0.5800,"Forward",False,0.0000,"WAITING FOR MAJOR UPDATE"
32.8185,1,131,296,"PPO FORWARD — SAFE TRANSPORT TO D2",0.5800,"Forward",False,0.0000,"WAITING FOR MAJOR UPDATE"
32.9281,1,131,297,"PPO FORWARD — SAFE TRANSPORT TO D2",0.5800,"Forward",False,0.0000,"WAITING FOR MAJOR UPDATE"
33.0382,1,131,298,"PPO FORWARD — SAFE TRANSPORT TO D2",0.5800,"Forward",False,0.0000,"WAITING FOR MAJOR UPDATE"
33.1588,1,131,299,"PPO FORWARD — SAFE TRANSPORT TO D2",0.5800,"Forward",False,0.0000,"WAITING FOR MAJOR UPDATE"
33.2743,1,131,300,"PPO FORWARD — SAFE TRANSPORT TO D2",0.5800,"Forward",False,0.0000,"WAITING FOR MAJOR UPDATE"
33.3747,1,131,301,"PPO FORWARD — SAFE TRANSPORT TO D2",0.5800,"Forward",False,0.0000,"WAITING FOR MAJOR UPDATE"
33.4860,1,131,302,"PPO FORWARD — SAFE TRANSPORT TO D2",0.5800,"Forward",False,0.0000,"WAITING FOR MAJOR UPDATE"
33.6014,1,131,303,"PPO FORWARD — SAFE TRANSPORT TO D2",0.5800,"Forward",False,0.0000,"WAITING FOR MAJOR UPDATE"
33.7116,1,131,304,"PPO FORWARD — SAFE TRANSPORT TO D2",0.5800,"Forward",False,0.0000,"WAITING FOR MAJOR UPDATE"
33.8210,1,131,305,"PPO FORWARD — SAFE TRANSPORT TO D2",0.5800,"Forward",False,0.0000,"WAITING FOR MAJOR UPDATE"
33.9328,1,131,306,"PPO FORWARD — SAFE TRANSPORT TO D2",0.5800,"Forward",False,0.0000,"WAITING FOR MAJOR UPDATE"
34.0413,1,131,307,"PPO FORWARD — SAFE TRANSPORT TO D2",0.5800,"Forward",False,0.0000,"WAITING FOR MAJOR UPDATE"
34.1521,1,131,308,"PPO FORWARD — SAFE TRANSPORT TO D2",0.5800,"Forward",False,0.0000,"WAITING FOR MAJOR UPDATE"
34.2622,1,131,309,"PPO FORWARD — SAFE TRANSPORT TO D2",0.5800,"Forward",False,0.0000,"WAITING FOR MAJOR UPDATE"
34.3724,1,131,310,"PPO FORWARD — SAFE TRANSPORT TO D2",0.5800,"Forward",False,0.0000,"WAITING FOR MAJOR UPDATE"
34.4835,1,131,311,"PPO FORWARD — SAFE TRANSPORT TO D2",0.5800,"Forward",False,0.0000,"WAITING FOR MAJOR UPDATE"
34.5998,1,131,312,"PPO FORWARD — SAFE TRANSPORT TO D2",0.5800,"Forward",False,0.0000,"WAITING FOR MAJOR UPDATE"
34.7092,1,131,313,"PPO FORWARD — SAFE TRANSPORT TO D2",0.5800,"Forward",False,0.0000,"WAITING FOR MAJOR UPDATE"
34.8185,1,131,314,"PPO FORWARD — SAFE TRANSPORT TO D2",0.5800,"Forward",False,0.0000,"WAITING FOR MAJOR UPDATE"
34.9333,1,131,315,"PPO FORWARD — SAFE TRANSPORT TO D2",0.5800,"Forward",False,0.0000,"WAITING FOR MAJOR UPDATE"
35.0427,1,131,316,"PPO FORWARD — SAFE TRANSPORT TO D2",0.5800,"Forward",False,0.0000,"WAITING FOR MAJOR UPDATE"
35.1539,1,131,317,"PPO FORWARD — SAFE TRANSPORT TO D2",0.5800,"Forward",False,0.0000,"WAITING FOR MAJOR UPDATE"
35.2649,1,131,318,"PPO FORWARD — SAFE TRANSPORT TO D2",0.5800,"Forward",False,0.0000,"WAITING FOR MAJOR UPDATE"
35.3743,1,131,319,"PPO FORWARD — SAFE TRANSPORT TO D2",0.5800,"Forward",False,0.0000,"WAITING FOR MAJOR UPDATE"
35.4911,1,131,320,"PPO FORWARD — SAFE TRANSPORT TO D2",0.5800,"Forward",False,0.0000,"WAITING FOR MAJOR UPDATE"
35.6022,1,131,321,"PPO FORWARD — SAFE TRANSPORT TO D2",0.5800,"Forward",False,0.0000,"WAITING FOR MAJOR UPDATE"
35.7119,1,131,322,"PPO FORWARD — SAFE TRANSPORT TO D2",0.5800,"Forward",False,0.0000,"WAITING FOR MAJOR UPDATE"
35.8214,1,131,323,"PPO FORWARD — SAFE TRANSPORT TO D2",0.5800,"Forward",False,0.0000,"WAITING FOR MAJOR UPDATE"
35.9318,1,131,324,"PPO FORWARD — SAFE TRANSPORT TO D2",0.5800,"Forward",False,0.0000,"WAITING FOR MAJOR UPDATE"
36.0431,1,131,325,"PPO FORWARD — SAFE TRANSPORT TO D2",0.5800,"Forward",False,0.0000,"WAITING FOR MAJOR UPDATE"
36.1521,1,131,326,"PPO FORWARD — SAFE TRANSPORT TO D2",0.5800,"Forward",False,0.0000,"WAITING FOR MAJOR UPDATE"
36.2623,1,131,327,"PPO FORWARD — SAFE TRANSPORT TO D2",0.5800,"Forward",False,0.0000,"WAITING FOR MAJOR UPDATE"
36.3713,1,131,328,"PPO FORWARD — SAFE TRANSPORT TO D2",0.5800,"Forward",False,0.0000,"WAITING FOR MAJOR UPDATE"
36.4814,1,131,329,"PPO FORWARD — SAFE TRANSPORT TO D2",0.5800,"Forward",False,0.0000,"WAITING FOR MAJOR UPDATE"
36.5912,1,131,330,"PPO FORWARD — SAFE TRANSPORT TO D2",0.5800,"Forward",False,0.0000,"WAITING FOR MAJOR UPDATE"
36.7009,1,131,331,"PPO FORWARD — SAFE TRANSPORT TO D2",0.5800,"Forward",False,0.0000,"WAITING FOR MAJOR UPDATE"
36.8128,1,131,332,"PPO FORWARD — SAFE TRANSPORT TO D2",0.5800,"Forward",False,0.0000,"WAITING FOR MAJOR UPDATE"
36.9274,1,131,333,"PPO FORWARD — SAFE TRANSPORT TO D2",0.5800,"Forward",False,0.0000,"WAITING FOR MAJOR UPDATE"
37.0384,1,131,334,"PPO FORWARD — SAFE TRANSPORT TO D2",0.5800,"Forward",False,0.0000,"WAITING FOR MAJOR UPDATE"
37.1517,1,131,335,"PPO FORWARD — SAFE TRANSPORT TO D2",0.5800,"Forward",False,0.0000,"WAITING FOR MAJOR UPDATE"
37.2639,1,131,336,"PPO FORWARD — SAFE TRANSPORT TO D2",0.5800,"Forward",False,0.0000,"WAITING FOR MAJOR UPDATE"
37.3715,1,131,337,"PPO FORWARD — SAFE TRANSPORT TO D2",0.5800,"Forward",False,0.0000,"WAITING FOR MAJOR UPDATE"
37.4837,1,131,338,"PPO FORWARD — SAFE TRANSPORT TO D2",0.5800,"Forward",False,0.0000,"WAITING FOR MAJOR UPDATE"
37.5936,1,131,339,"PPO FORWARD — SAFE TRANSPORT TO D2",0.5800,"Forward",False,0.0000,"WAITING FOR MAJOR UPDATE"
37.7021,1,131,340,"PPO FORWARD — SAFE TRANSPORT TO D2",0.5800,"Forward",False,0.0000,"WAITING FOR MAJOR UPDATE"
37.8114,1,131,341,"PPO FORWARD — SAFE TRANSPORT TO D2",0.5800,"Forward",False,0.0000,"WAITING FOR MAJOR UPDATE"
37.9230,1,131,342,"PPO FORWARD — SAFE TRANSPORT TO D2",0.5800,"Forward",False,0.0000,"WAITING FOR MAJOR UPDATE"
38.0244,1,131,343,"PPO FORWARD — SAFE TRANSPORT TO D2",0.5800,"Forward",False,0.0000,"WAITING FOR MAJOR UPDATE"
38.1248,1,131,344,"PPO FORWARD — SAFE TRANSPORT TO D2",0.5800,"Forward",False,0.0000,"WAITING FOR MAJOR UPDATE"
38.2256,1,131,345,"PPO FORWARD — SAFE TRANSPORT TO D2",0.5800,"Forward",False,0.0000,"WAITING FOR MAJOR UPDATE"
38.3392,1,131,346,"PPO FORWARD — SAFE TRANSPORT TO D2",0.5800,"Forward",False,0.0000,"WAITING FOR MAJOR UPDATE"
38.4556,1,131,347,"PPO FORWARD — SAFE TRANSPORT TO D2",0.5800,"Forward",False,0.0000,"WAITING FOR MAJOR UPDATE"
38.5628,1,131,348,"PPO FORWARD — SAFE TRANSPORT TO D2",0.5800,"Forward",False,0.0000,"WAITING FOR MAJOR UPDATE"
38.6716,1,131,349,"PPO FORWARD — SAFE TRANSPORT TO D2",0.5800,"Forward",False,0.0000,"WAITING FOR MAJOR UPDATE"
38.7872,1,131,350,"PPO FORWARD — SAFE TRANSPORT TO D2",0.5800,"Forward",False,0.0000,"WAITING FOR MAJOR UPDATE"
38.9076,1,131,351,"PPO FORWARD — SAFE TRANSPORT TO D2",0.5800,"Forward",False,0.0000,"WAITING FOR MAJOR UPDATE"
39.0082,1,131,352,"PPO FORWARD — SAFE TRANSPORT TO D2",0.5800,"Forward",False,0.0000,"WAITING FOR MAJOR UPDATE"
39.1322,1,131,353,"PPO FORWARD — SAFE TRANSPORT TO D2",0.5800,"Forward",False,0.0000,"WAITING FOR MAJOR UPDATE"
39.2489,1,131,354,"PPO FORWARD — SAFE TRANSPORT TO D2",0.5800,"Forward",False,0.0000,"WAITING FOR MAJOR UPDATE"
39.3625,1,131,355,"PPO FORWARD — SAFE TRANSPORT TO D2",0.5800,"Forward",False,0.0000,"WAITING FOR MAJOR UPDATE"
39.4747,1,131,356,"PPO FORWARD — SAFE TRANSPORT TO D2",0.5800,"Forward",False,0.0000,"WAITING FOR MAJOR UPDATE"
39.5865,1,131,357,"PPO FORWARD — SAFE TRANSPORT TO D2",0.5800,"Forward",False,0.0000,"WAITING FOR MAJOR UPDATE"
39.6973,1,131,358,"PPO FORWARD — SAFE TRANSPORT TO D2",0.5800,"Forward",False,0.0000,"WAITING FOR MAJOR UPDATE"
39.8054,1,131,359,"PPO FORWARD — SAFE TRANSPORT TO D2",0.5800,"Forward",False,0.0000,"WAITING FOR MAJOR UPDATE"
39.9167,1,131,360,"PPO FORWARD — SAFE TRANSPORT TO D2",0.5800,"Forward",False,0.0000,"WAITING FOR MAJOR UPDATE"
40.0297,1,131,361,"PPO FORWARD — SAFE TRANSPORT TO D2",0.5800,"Forward",False,0.0000,"WAITING FOR MAJOR UPDATE"
40.1429,1,131,362,"PPO FORWARD — SAFE TRANSPORT TO D2",0.5800,"Forward",False,0.0000,"WAITING FOR MAJOR UPDATE"
40.2540,1,131,363,"PPO FORWARD — SAFE TRANSPORT TO D2",0.5800,"Forward",False,0.0000,"WAITING FOR MAJOR UPDATE"
40.3650,1,131,364,"PPO FORWARD — SAFE TRANSPORT TO D2",0.5800,"Forward",False,0.0000,"WAITING FOR MAJOR UPDATE"
40.4760,1,131,365,"PPO FORWARD — SAFE TRANSPORT TO D2",0.5800,"Forward",False,0.0000,"WAITING FOR MAJOR UPDATE"
40.5963,1,131,366,"PPO FORWARD — SAFE TRANSPORT TO D2",0.5800,"Forward",False,0.0000,"WAITING FOR MAJOR UPDATE"
40.7020,1,131,367,"PPO FORWARD — SAFE TRANSPORT TO D2",0.5800,"Forward",False,0.0000,"WAITING FOR MAJOR UPDATE"
40.8193,1,131,368,"PPO FORWARD — SAFE TRANSPORT TO D2",0.5800,"Forward",False,0.0000,"WAITING FOR MAJOR UPDATE"
40.9221,1,131,369,"PPO FORWARD — SAFE TRANSPORT TO D2",0.5800,"Forward",False,0.0000,"WAITING FOR MAJOR UPDATE"
41.0381,1,131,370,"PPO FORWARD — SAFE TRANSPORT TO D2",0.5800,"Forward",False,0.0000,"WAITING FOR MAJOR UPDATE"
41.1492,1,131,371,"PPO FORWARD — SAFE TRANSPORT TO D2",0.5800,"Forward",False,0.0000,"WAITING FOR MAJOR UPDATE"
41.2595,1,131,372,"PPO FORWARD — SAFE TRANSPORT TO D2",0.5800,"Forward",False,0.0000,"WAITING FOR MAJOR UPDATE"
41.3730,1,131,373,"PPO FORWARD — SAFE TRANSPORT TO D2",0.5800,"Forward",False,0.0000,"WAITING FOR MAJOR UPDATE"
41.4830,1,131,374,"PPO FORWARD — SAFE TRANSPORT TO D2",0.5800,"Forward",False,0.0000,"WAITING FOR MAJOR UPDATE"
41.5983,1,131,375,"PPO FORWARD — SAFE TRANSPORT TO D2",0.5800,"Forward",False,0.0000,"WAITING FOR MAJOR UPDATE"
41.7122,1,131,376,"PPO FORWARD — SAFE TRANSPORT TO D2",0.5800,"Forward",False,0.0000,"WAITING FOR MAJOR UPDATE"
41.8250,1,131,377,"PPO FORWARD — SAFE TRANSPORT TO D2",0.5800,"Forward",False,0.0000,"WAITING FOR MAJOR UPDATE"
41.9363,1,131,378,"PPO FORWARD — SAFE TRANSPORT TO D2",0.5800,"Forward",False,0.0000,"WAITING FOR MAJOR UPDATE"
42.0463,1,131,379,"PPO FORWARD — SAFE TRANSPORT TO D2",0.5800,"Forward",False,0.0000,"WAITING FOR MAJOR UPDATE"
42.1605,1,131,380,"PPO FORWARD — SAFE TRANSPORT TO D2",0.5800,"Forward",False,0.0000,"WAITING FOR MAJOR UPDATE"
42.2701,1,131,381,"PPO FORWARD — SAFE TRANSPORT TO D2",0.5800,"Forward",False,0.0000,"WAITING FOR MAJOR UPDATE"
42.3818,1,131,382,"PPO FORWARD — SAFE TRANSPORT TO D2",0.5800,"Forward",False,0.0000,"WAITING FOR MAJOR UPDATE"
42.4962,1,131,383,"PPO FORWARD — SAFE TRANSPORT TO D2",0.5800,"Forward",False,0.0000,"WAITING FOR MAJOR UPDATE"
42.6050,1,131,384,"PPO FORWARD — SAFE TRANSPORT TO D2",0.5800,"Forward",False,0.0000,"WAITING FOR MAJOR UPDATE"
42.7133,1,131,385,"PPO FORWARD — SAFE TRANSPORT TO D2",0.5800,"Forward",False,0.0000,"WAITING FOR MAJOR UPDATE"
42.8287,1,131,386,"PPO FORWARD — SAFE TRANSPORT TO D2",0.5800,"Forward",False,0.0000,"WAITING FOR MAJOR UPDATE"
42.9425,1,131,387,"PPO FORWARD — SAFE TRANSPORT TO D2",0.5800,"Forward",False,0.0000,"WAITING FOR MAJOR UPDATE"
43.0565,1,131,388,"PPO FORWARD — SAFE TRANSPORT TO D2",0.5800,"Forward",False,0.0000,"WAITING FOR MAJOR UPDATE"
43.1653,1,131,389,"PPO FORWARD — SAFE TRANSPORT TO D2",0.5800,"Forward",False,0.0000,"WAITING FOR MAJOR UPDATE"
43.2755,1,131,390,"PPO FORWARD — SAFE TRANSPORT TO D2",0.5800,"Forward",False,0.0000,"WAITING FOR MAJOR UPDATE"
43.3891,1,131,391,"PPO FORWARD — SAFE TRANSPORT TO D2",0.5800,"Forward",False,0.0000,"WAITING FOR MAJOR UPDATE"
43.5030,1,131,392,"PPO FORWARD — SAFE TRANSPORT TO D2",0.5800,"Forward",False,0.0000,"WAITING FOR MAJOR UPDATE"
43.6117,1,131,393,"PPO FORWARD — SAFE TRANSPORT TO D2",0.5800,"Forward",False,0.0000,"WAITING FOR MAJOR UPDATE"
43.7243,1,131,394,"PPO FORWARD — SAFE TRANSPORT TO D2",0.5800,"Forward",False,0.0000,"WAITING FOR MAJOR UPDATE"
43.8353,1,131,395,"PPO FORWARD — SAFE TRANSPORT TO D2",0.5800,"Forward",False,0.0000,"WAITING FOR MAJOR UPDATE"
43.9463,1,131,396,"PPO FORWARD — SAFE TRANSPORT TO D2",0.5800,"Forward",False,0.0000,"WAITING FOR MAJOR UPDATE"
44.0554,1,131,397,"PPO FORWARD — SAFE TRANSPORT TO D2",0.5800,"Forward",False,0.0000,"WAITING FOR MAJOR UPDATE"
44.1659,1,131,398,"PPO FORWARD — SAFE TRANSPORT TO D2",0.5800,"Forward",False,0.0000,"WAITING FOR MAJOR UPDATE"
44.2775,1,131,399,"PPO FORWARD — SAFE TRANSPORT TO D2",0.5800,"Forward",False,0.0000,"WAITING FOR MAJOR UPDATE"
44.3900,1,131,400,"PPO FORWARD — SAFE TRANSPORT TO D2",0.5800,"Forward",False,0.0000,"WAITING FOR MAJOR UPDATE"
44.5023,1,131,401,"PPO FORWARD — SAFE TRANSPORT TO D2",0.5800,"Forward",False,0.0000,"WAITING FOR MAJOR UPDATE"
44.6192,1,131,402,"PPO FORWARD — SAFE TRANSPORT TO D2",0.5800,"Forward",False,0.0000,"WAITING FOR MAJOR UPDATE"
44.7293,1,131,403,"PPO FORWARD — SAFE TRANSPORT TO D2",0.5800,"Forward",False,0.0000,"WAITING FOR MAJOR UPDATE"
44.7478,1,131,404,"SAFETY-SHIELDED WAIT AT BLIND CORNER",0.5800,"Wait",True,0.0000,"WAITING FOR MAJOR UPDATE"
