benchmark_episode,benchmark_episode_total,global_episode_id,scenario_id,scenario_code,scenario_name,outcome,duration_seconds,mission_success,collisions,completed_parcel_tasks,total_parcel_tasks,battery_level,final_task_stage
1,1,2,2,"A2","Robot Trapped by Moving Obstacles","COLLISION_FORKLIFT",3.289,False,0,0,3,99.93,"Complete"
1,1,3,3,"A3","Encoder Drift / Localization Error","TIMEOUT",180.001,False,0,0,3,96.40,"NavigateToSource"
1,15,4,1,"A1","Sudden Human Crossing During Delivery","TIMEOUT",180.000,False,0,0,3,96.40,"NavigateToSource"
2,15,5,2,"A2","Robot Trapped by Moving Obstacles","COLLISION_FORKLIFT",3.271,False,0,0,3,99.93,"Complete"
3,15,6,3,"A3","Encoder Drift / Localization Error","TIMEOUT",180.001,False,0,0,3,96.40,"NavigateToSource"
1,1,1,1,"A1","Sudden Human Crossing During Delivery","COLLISION_FORKLIFT",75.680,False,0,1,3,97.52,"Complete"
1,1,1,2,"A2","Robot Trapped by Moving Obstacles","TIMEOUT",120.000,False,0,0,3,95.13,"NavigateToDestination"
1,1,2,3,"A3","Encoder Drift / Localization Error","COLLISION_FORKLIFT",75.082,False,0,1,3,97.52,"Complete"
1,1,1,1,"A1","Sudden Human and Forklift Crossing During Delivery","TIMEOUT",120.000,False,0,2,3,95.70,"NavigateToDestination"
1,1,1,3,"A3","Encoder Drift / Localization Error","TIMEOUT",120.000,False,0,2,3,96.22,"NavigateToDestination"
1,1,1,1,"A1","Sudden Human Crossing During Loaded Delivery","TIMEOUT",120.000,False,0,2,3,95.70,"NavigateToDestination"
1,1,1,1,"A1","Sudden Human Crossing During Loaded Delivery","COLLISION_HUMAN",13.777,False,1,0,3,99.67,"Complete"
1,1,1,1,"A1","Sudden Human Crossing and Collision","COLLISION_HUMAN",5.498,False,1,0,3,99.89,"Complete"
1,1,1,1,"A1","Sudden Human Crossing and Collision","COLLISION_HUMAN",5.496,False,1,0,3,99.89,"Complete"
1,1,1,1,"A1","Sudden Human Crossing and Collision","COLLISION_HUMAN",17.981,False,1,0,3,99.49,"Complete"
1,1,1,1,"A1","Sudden Human Crossing and Collision","COLLISION_HUMAN",17.760,False,1,0,3,99.49,"Complete"
1,1,2,1,"A1","Sudden Human Crossing and Collision","TIMEOUT",120.000,False,0,2,3,95.58,"NavigateToDestination"
1,1,1,1,"A1","Blind Rack-Turn Human Collision","COLLISION_HUMAN",28.636,False,1,0,3,98.88,"Complete"
1,1,1,1,"A1","Books-Rack Blind-Turn Collision","COLLISION_HUMAN",43.217,False,1,0,3,98.23,"Complete"
1,1,1,1,"A1","Books-Rack Blind-Turn Collision","COLLISION_HUMAN",43.136,False,1,0,3,98.23,"Complete"
1,1,2,1,"A1","Books-Rack Blind-Turn Collision","COLLISION_HUMAN",42.967,False,1,0,3,98.24,"Complete"
1,1,1,6,"E1","Unexpected Aisle Blockage","TIMEOUT",30.000,False,0,0,3,99.40,"NavigateToSource"
1,1,2,7,"E2","High-Density Human Crossing","TIMEOUT",120.000,False,0,2,3,95.70,"NavigateToDestination"
1,1,5,5,"A5","Rack Relocation Causing Wrong Parcel Placement","WRONG_PLACEMENT",28.284,False,0,0,3,98.90,"Complete"
1,1,1,3,"A3","Dynamic Path Obstruction After Route Commitment","TIMEOUT",120.000,False,0,0,3,94.77,"NavigateToDestination"
1,1,4,6,"E1","Unexpected Aisle Blockage","TIMEOUT",30.000,False,0,0,3,99.40,"NavigateToSource"
1,1,5,1,"A1","Books-Rack Blind-Turn Collision","COLLISION_HUMAN",43.251,False,1,0,3,98.22,"Complete"
1,1,9,5,"A5","Rack Relocation Causing Wrong Parcel Placement","WRONG_PLACEMENT",28.320,False,0,0,3,98.90,"Complete"
1,1,1,1,"A1","Books-Rack Blind-Turn Collision","COLLISION_HUMAN",40.162,False,1,0,3,98.25,"Complete"
1,1,2,1,"A1","Books-Rack Blind-Turn Collision","COLLISION_HUMAN",40.134,False,1,0,3,98.25,"Complete"
1,1,1,7,"E2","High-Density Human Crossing","COLLISION_HUMAN",38.566,False,1,0,3,98.56,"Complete"
1,1,2,7,"E2","High-Density Human Crossing","COLLISION_HUMAN",38.580,False,1,0,3,98.56,"Complete"
1,1,4,10,"E5","All-Station Dynamic Delivery","TIMEOUT",120.000,False,0,1,3,95.79,"NavigateToDestination"
1,1,5,10,"E5","All-Station Dynamic Delivery","TIMEOUT",120.000,False,0,1,3,95.79,"NavigateToDestination"
1,1,15,1,"A1","Books-Rack Blind-Turn Collision","COLLISION_FORKLIFT",32.894,False,1,0,3,98.64,"Complete"
1,1,16,1,"A1","Books-Rack Blind-Turn Collision","COLLISION_FORKLIFT",33.006,False,1,0,3,98.63,"Complete"
1,1,17,2,"A2","Agent Trapped in Temporary Bottleneck","COLLISION_FORKLIFT",30.632,False,1,0,3,98.78,"Complete"
1,1,20,12,"T2","Worker Tag Link Loss and Recovery","SUCCESS",23.938,True,0,1,1,99.05,"Complete"
1,1,22,1,"A1","Books-Rack Blind-Turn Collision","COLLISION_FORKLIFT",32.484,False,1,0,3,98.66,"Complete"
1,1,23,4,"A4","Rack Relocation Causing Wrong Parcel Placement","WRONG_PLACEMENT",40.479,False,0,0,3,98.33,"Complete"
1,1,24,1,"A1","Books-Rack Blind-Turn Collision","COLLISION_FORKLIFT",32.847,False,1,0,3,98.64,"Complete"
1,1,25,2,"A2","Dynamic Path Obstruction After Route Commitment","COLLISION_FORKLIFT",30.928,False,1,0,3,98.77,"Complete"
1,1,26,3,"A3","Drop-Off Approach Blocked","COLLISION_FORKLIFT",18.940,False,1,0,3,99.30,"Complete"
1,1,28,5,"A5","Pickup Docking Misalignment at Rack Face","TIMEOUT",120.000,False,0,1,3,96.72,"NavigateToSource"
1,1,29,2,"A2","Dynamic Path Obstruction After Route Commitment","COLLISION_FORKLIFT",32.543,False,1,0,3,98.72,"Complete"
1,1,30,6,"E1","Destination Station Capacity Full","SUCCESS",27.304,True,0,1,1,98.92,"Complete"
1,1,31,1,"A1","Books-Rack Blind-Turn Collision","COLLISION_FORKLIFT",32.455,False,1,0,3,98.66,"Complete"
1,1,32,2,"A2","Dynamic Path Obstruction After Route Commitment","COLLISION_FORKLIFT",30.559,False,1,0,3,98.78,"Complete"
1,1,34,4,"A4","Rack Relocation Causing Wrong Parcel Placement","WRONG_PLACEMENT",38.608,False,0,0,3,98.38,"Complete"
1,1,35,1,"A1","Books-Rack Blind-Turn Collision","COLLISION_FORKLIFT",34.357,False,1,0,3,98.62,"Complete"
1,1,37,12,"T2","Delayed Human-Position Update","SUCCESS",21.560,True,0,1,1,99.17,"Complete"
1,1,38,13,"T3","LiDAR Observation Degradation","SUCCESS",60.583,True,0,1,1,97.42,"Complete"
1,1,40,1,"A1","Books-Rack Blind-Turn Collision","COLLISION_HUMAN",43.443,False,1,0,3,98.16,"Complete"
1,1,41,1,"A1","Books-Rack Blind-Turn Collision","COLLISION_HUMAN",45.029,False,1,0,3,98.13,"Complete"
1,1,42,5,"A5","Pickup Docking Misalignment at Rack Face","COLLISION_HUMAN",18.997,False,1,0,3,99.62,"Complete"
1,1,43,6,"E1","Destination Station Capacity Full","SUCCESS",27.247,True,0,1,1,98.92,"Complete"
1,1,44,1,"A1","Books-Rack Blind-Turn Collision","COLLISION_HUMAN",43.677,False,1,0,3,98.16,"Complete"
1,1,45,2,"A2","Dynamic Path Obstruction After Route Commitment","COLLISION_FORKLIFT",30.768,False,1,0,3,98.77,"Complete"
1,1,46,3,"A3","Drop-Off Approach Blocked","COLLISION_FORKLIFT",18.875,False,1,0,3,99.31,"Complete"
1,1,48,5,"A5","Pickup Docking Misalignment at Rack Face","COLLISION_HUMAN",18.691,False,1,0,3,99.63,"Complete"
1,1,49,5,"A5","Pickup Docking Misalignment at Rack Face","COLLISION_HUMAN",18.919,False,1,0,3,99.62,"Complete"
1,1,50,5,"A5","Pickup Docking Misalignment at Rack Face","COLLISION_HUMAN",18.630,False,1,0,3,99.63,"Complete"
1,1,52,6,"E1","Destination Station Capacity Full","SUCCESS",25.515,True,0,1,1,98.96,"Complete"
1,1,54,6,"E1","Destination Station Capacity Full","SUCCESS",25.783,True,0,1,1,98.95,"Complete"
1,1,56,8,"E3","Wrong Barcode Parcel at Pickup Station","BARCODE_MISMATCH",2.335,False,0,0,1,99.95,"Complete"
1,1,57,8,"E3","Wrong Barcode Parcel at Pickup Station","BARCODE_MISMATCH",2.355,False,0,0,1,99.95,"Complete"
1,1,58,9,"E4","Two-Destination Delivery With Temporary Station Unavailability","SUCCESS",75.287,True,0,2,2,97.10,"Complete"
1,1,59,10,"E5","Three-Destination Dynamic Order Fulfilment","COLLISION_FORKLIFT",40.335,False,1,0,3,98.43,"Complete"
1,1,60,15,"T5","Concurrent Multi-State Twin Divergence","SUCCESS",22.405,True,0,1,1,99.15,"Complete"
1,1,61,6,"E1","Destination Station Capacity Full","SUCCESS",25.988,True,0,1,1,98.95,"Complete"
1,1,65,1,"A1","Books-Rack Blind-Turn Collision","COLLISION_HUMAN",43.518,False,1,0,3,98.16,"Complete"
1,15,66,1,"A1","Books-Rack Blind-Turn Collision","COLLISION_HUMAN",43.451,False,1,0,3,98.16,"Complete"
1,1,68,1,"A1","Books-Rack Blind-Turn Collision","COLLISION_HUMAN",43.447,False,1,0,3,98.16,"Complete"
1,1,70,1,"A1","Books-Rack Blind-Turn Collision","COLLISION_HUMAN",43.564,False,1,0,3,98.16,"Complete"
1,1,71,3,"A3","Drop-Off Approach Blocked","COLLISION_FORKLIFT",17.499,False,1,0,3,99.33,"Complete"
1,1,73,1,"A1","Books-Rack Blind-Turn Collision","COLLISION_HUMAN",43.463,False,1,0,3,98.16,"Complete"
1,1,74,2,"A2","Dynamic Path Obstruction After Route Commitment","COLLISION_FORKLIFT",30.936,False,1,0,3,98.77,"Complete"
1,1,75,1,"A1","Books-Rack Blind-Turn Collision","COLLISION_HUMAN",43.467,False,1,0,3,98.16,"Complete"
1,1,76,2,"A2","Dynamic Path Obstruction After Route Commitment","COLLISION_FORKLIFT",30.870,False,1,0,3,98.77,"Complete"
1,1,77,1,"A1","Books-Rack Blind-Turn Collision","COLLISION_HUMAN",43.456,False,1,0,3,98.16,"Complete"
1,1,79,1,"A1","Books-Rack Blind-Turn Collision","COLLISION_HUMAN",44.914,False,1,0,3,98.13,"Complete"
1,1,80,7,"E2","Assigned Parcel Not Ready at Pickup","SUCCESS",70.515,True,0,1,1,97.20,"Complete"
1,1,81,7,"E2","Assigned Parcel Not Ready at Pickup","SUCCESS",69.779,True,0,1,1,97.21,"Complete"
1,1,82,1,"A1","Books-Rack Blind-Turn Collision","COLLISION_HUMAN",43.299,False,1,0,3,98.17,"Complete"
1,1,83,1,"A1","Books-Rack Blind-Turn Collision","COLLISION_HUMAN",44.770,False,1,0,3,98.14,"Complete"
1,1,84,1,"A1","Books-Rack Blind-Turn Collision","COLLISION_HUMAN",43.435,False,1,0,3,98.16,"Complete"
1,1,90,1,"A1","Books-Rack Blind-Turn Collision","COLLISION_HUMAN",43.461,False,1,0,3,98.16,"Complete"
1,1,91,1,"A1","Books-Rack Blind-Turn Collision","COLLISION_HUMAN",43.461,False,1,0,3,98.16,"Complete"
1,1,93,1,"A1","Books-Rack Blind-Turn Collision","COLLISION_HUMAN",43.399,False,1,0,3,98.17,"Complete"
1,1,94,1,"A1","Books-Rack Blind-Turn Collision","COLLISION_HUMAN",43.371,False,1,0,3,98.17,"Complete"
1,1,95,1,"A1","Books-Rack Blind-Turn Collision","COLLISION_HUMAN",43.755,False,1,0,3,98.15,"Complete"
1,1,96,1,"A1","Books-Rack Blind-Turn Collision","COLLISION_HUMAN",44.439,False,1,0,3,98.15,"Complete"
1,1,97,1,"A1","Books-Rack Blind-Turn Collision","COLLISION_HUMAN",43.449,False,1,0,3,98.16,"Complete"
1,1,99,1,"A1","Books-Rack Blind-Turn Collision","COLLISION_HUMAN",43.477,False,1,0,3,98.16,"Complete"
1,1,100,1,"A1","Books-Rack Blind-Turn Collision","COLLISION_HUMAN",43.415,False,1,0,3,98.17,"Complete"
1,1,101,1,"A1","Books-Rack Blind-Turn Collision","COLLISION_HUMAN",43.466,False,1,0,3,98.16,"Complete"
1,1,102,1,"A1","Books-Rack Blind-Turn Collision","COLLISION_HUMAN",43.423,False,1,0,3,98.16,"Complete"
1,1,103,1,"A1","Books-Rack Blind-Turn Collision","COLLISION_HUMAN",43.482,False,1,0,3,98.16,"Complete"
1,1,104,1,"A1","Books-Rack Blind-Turn Collision","COLLISION_HUMAN",43.517,False,1,0,3,98.16,"Complete"
1,1,105,1,"A1","Books-Rack Blind-Turn Collision","COLLISION_HUMAN",43.777,False,1,0,3,98.15,"Complete"
1,1,106,1,"A1","Books-Rack Blind-Turn Collision","COLLISION_HUMAN",43.510,False,1,0,3,98.16,"Complete"
1,1,107,1,"A1","Books-Rack Blind-Turn Collision","COLLISION_HUMAN",43.482,False,1,0,3,98.16,"Complete"
1,1,108,1,"A1","Books-Rack Blind-Turn Collision","COLLISION_HUMAN",43.398,False,1,0,3,98.16,"Complete"
1,1,109,1,"A1","Books-Rack Blind-Turn Collision","COLLISION_HUMAN",43.452,False,1,0,3,98.16,"Complete"
1,1,110,1,"A1","Books-Rack Blind-Turn Collision","COLLISION_HUMAN",43.393,False,1,0,3,98.16,"Complete"
1,1,111,1,"A1","Books-Rack Blind-Turn Collision","COLLISION_HUMAN",43.407,False,1,0,3,98.16,"Complete"
1,1,112,1,"A1","Books-Rack Blind-Turn Collision","COLLISION_HUMAN",43.377,False,1,0,3,98.17,"Complete"
1,1,113,1,"A1","Books-Rack Blind-Turn Collision","COLLISION_HUMAN",43.324,False,1,0,3,98.17,"Complete"
1,1,115,1,"A1","Books-Rack Blind-Turn Collision","COLLISION_HUMAN",43.430,False,1,0,3,98.16,"Complete"
1,1,116,1,"A1","Books-Rack Blind-Turn Collision","COLLISION_HUMAN",43.398,False,1,0,3,98.16,"Complete"
1,1,117,1,"A1","Books-Rack Blind-Turn Collision","COLLISION_HUMAN",43.451,False,1,0,3,98.16,"Complete"
1,1,119,1,"A1","Books-Rack Blind-Turn Collision","COLLISION_HUMAN",43.432,False,1,0,3,98.17,"Complete"
1,1,121,1,"A1","Books-Rack Blind-Turn Collision","COLLISION_HUMAN",43.784,False,1,0,3,98.16,"Complete"
1,1,122,1,"A1","Books-Rack Blind-Turn Collision","COLLISION_HUMAN",43.439,False,1,0,3,98.16,"Complete"
1,1,123,1,"A1","Books-Rack Blind-Turn Collision","COLLISION_HUMAN",43.446,False,1,0,3,98.16,"Complete"
1,1,124,1,"A1","Books-Rack Blind-Turn Collision","COLLISION_HUMAN",43.380,False,1,0,3,98.17,"Complete"
1,1,125,1,"A1","Books-Rack Blind-Turn Collision","COLLISION_HUMAN",43.407,False,1,0,3,98.17,"Complete"
1,1,126,1,"A1","Books-Rack Blind-Turn Collision","COLLISION_HUMAN",43.492,False,1,0,3,98.16,"Complete"
1,1,127,1,"A1","Books-Rack Blind-Turn Collision","COLLISION_HUMAN",43.549,False,1,0,3,98.16,"Complete"
1,1,128,1,"A1","Books-Rack Blind-Turn Collision","COLLISION_HUMAN",43.459,False,1,0,3,98.17,"Complete"
1,1,129,4,"A4","Rack Relocation Causing Wrong Parcel Placement","WRONG_PLACEMENT",38.839,False,0,0,3,98.37,"Complete"
1,1,130,13,"T3","LiDAR Observation Degradation","COLLISION_HUMAN",45.132,False,1,0,1,98.12,"Complete"
1,1,131,1,"A1","Books-Rack Blind-Turn Collision","COLLISION_HUMAN",44.748,False,1,0,3,98.14,"Complete"
1,1,132,4,"A4","Rack Relocation Causing Wrong Parcel Placement","WRONG_PLACEMENT",38.795,False,0,0,3,98.37,"Complete"
1,1,133,4,"A4","Rack Relocation Causing Wrong Parcel Placement","WRONG_PLACEMENT",38.817,False,0,0,3,98.37,"Complete"
1,1,134,13,"T3","LiDAR Observation Degradation","COLLISION_HUMAN",45.175,False,1,0,1,98.12,"Complete"
1,1,135,4,"A4","Rack Relocation Causing Wrong Parcel Placement","WRONG_PLACEMENT",38.815,False,0,0,3,98.37,"Complete"
1,1,136,4,"A4","Rack Relocation Causing Wrong Parcel Placement","WRONG_PLACEMENT",38.738,False,0,0,3,98.37,"Complete"
1,1,137,13,"T3","LiDAR Observation Degradation","COLLISION_HUMAN",43.286,False,1,0,1,98.16,"Complete"
1,1,138,4,"A4","Rack Relocation Causing Wrong Parcel Placement","WRONG_PLACEMENT",38.772,False,0,0,3,98.37,"Complete"
1,1,140,4,"A4","Rack Relocation Causing Wrong Parcel Placement","WRONG_PLACEMENT",38.876,False,0,0,3,98.37,"Complete"
1,1,141,13,"T3","LiDAR Observation Degradation","COLLISION_HUMAN",45.180,False,1,0,1,98.12,"Complete"
1,1,142,13,"T3","LiDAR Observation Degradation","COLLISION_HUMAN",43.318,False,1,0,1,98.16,"Complete"
1,1,143,13,"T3","LiDAR Observation Degradation","COLLISION_HUMAN",43.389,False,1,0,1,98.16,"Complete"
1,1,144,13,"T3","LiDAR Observation Degradation","COLLISION_HUMAN",43.386,False,1,0,1,98.16,"Complete"
1,1,145,13,"T3","LiDAR Observation Degradation","COLLISION_HUMAN",43.303,False,1,0,1,98.16,"Complete"
1,1,146,13,"T3","LiDAR Observation Degradation","COLLISION_HUMAN",43.379,False,1,0,1,98.16,"Complete"
1,1,147,13,"T3","LiDAR Observation Degradation","COLLISION_HUMAN",43.295,False,1,0,1,98.16,"Complete"
1,1,148,13,"T3","LiDAR Observation Degradation","COLLISION_HUMAN",44.001,False,1,0,1,98.13,"Complete"
1,1,149,13,"T3","LiDAR Observation Degradation","COLLISION_HUMAN",43.550,False,1,0,1,98.15,"Complete"
1,1,150,13,"T3","LiDAR Observation Degradation","SUCCESS",61.128,True,0,1,1,97.40,"Complete"
1,1,151,13,"T3","LiDAR Observation Degradation","COLLISION_HUMAN",44.378,False,1,0,1,98.12,"Complete"
1,1,152,13,"T3","LiDAR Observation Degradation","TIMEOUT",120.000,False,0,0,1,94.71,"NavigateToDestination"
1,1,153,13,"T3","LiDAR Observation Degradation","COLLISION_HUMAN",43.818,False,1,0,1,98.14,"Complete"
1,1,154,13,"T3","LiDAR Observation Degradation","COLLISION_HUMAN",43.771,False,1,0,1,98.14,"Complete"
1,1,155,13,"T3","LiDAR Observation Degradation","COLLISION_HUMAN",43.607,False,1,0,1,98.15,"Complete"
