benchmark_episode,benchmark_episode_total,global_episode_id,scenario_id,scenario_name,outcome,duration_seconds,mission_success,collisions,completed_parcel_tasks,total_parcel_tasks,battery_level,final_task_stage
1,1,1,1,"Peak-Shift Mixed Traffic","COLLISION_HUMAN",28.443,False,0,1,3,99.14,"Complete"
1,15,1,1,"Peak-Shift Mixed Traffic","COLLISION_HUMAN",28.448,False,0,1,3,99.14,"Complete"
2,15,2,2,"Blind-Intersection Compound Crossing","TIMEOUT",180.003,False,0,0,3,96.40,"NavigateToSource"
3,15,3,3,"Target Rack Access Conflict","TIMEOUT",180.002,False,0,1,3,95.90,"NavigateToSource"
4,15,4,4,"Sudden Pallet Collapse and Aisle Blockage","COLLISION_HUMAN",28.445,False,0,1,3,99.14,"Complete"
5,15,5,5,"Simultaneous PD1-PD3 Occupancy","COLLISION_HUMAN",10.067,False,0,0,3,99.80,"Complete"
6,15,6,6,"Urgent Order and Destination Change","TIMEOUT",180.002,False,0,2,3,95.61,"NavigateToSource"
7,15,7,7,"Narrow-Aisle Traffic Deadlock","COLLISION_HUMAN",28.494,False,0,1,3,99.14,"Complete"
8,15,8,8,"Wet Floor and Wheel Slippage","TIMEOUT",180.000,False,0,0,3,96.40,"NavigateToSource"
